8.990605979818111493e+00, 3.756038348022717344e+01, 8.990522540021389730e+00, 4.241387515236649461e-03, 1.469536577570361349e-03, 9.999989202313178671e-01, 1.469536048650465403e-03, 9.102948596675326798e-02, -1.089705140332467431e-01
9.000606653877976981e+00, 3.760039015081833469e+01, 9.000522995044899943e+00, 4.309030507902765136e-03, -6.016576152231427159e-03, 9.999819004603013317e-01, -6.016539853101321791e-03, 1.584609578148765408e-01, -4.153904218512347035e-02
9.010607327937840694e+00, 3.764042311860028178e+01, 9.010523681759003978e+00, 4.307211956449502957e-03, -1.423327904101373553e-02, 9.998987085939079478e-01, -1.423279846815269853e-02, 2.325517433278872503e-01, 3.255174332788725311e-02
9.020608001997706182e+00, 3.768048187577093699e+01, 9.020524062809144539e+00, 4.228635278991642842e-03, -2.318291938323145326e-02, 9.997312881596398526e-01, -2.318084283771945295e-02, 3.133308496084689088e-01, 1.133308496084689393e-01
9.030608676057569895e+00, 3.772056524268422351e+01, 9.030523432097346870e+00, 4.065983491611161946e-03, -3.286713232739815749e-02, 9.994599244268933536e-01, -3.286121520255609607e-02, 4.008177614471230554e-01, 2.008177614471230443e-01
9.040609350117433607e+00, 3.776067130169698061e+01, 9.040520898997407073e+00, 3.811928529777078561e-03, -4.328661493988657238e-02, 9.990632807605526189e-01, -4.327309829398925944e-02, 4.950197073141627824e-01, 2.950197073141627158e-01
9.050610024177299096e+00, 3.780079732874202847e+01, 9.050515372186625385e+00, 3.459143429559787073e-03, -5.444088009533484818e-02, 9.985184612579950381e-01, -5.441399201460783708e-02, 5.959286897648032877e-01, 3.959286897648032211e-01
9.060610698237162808e+00, 3.784093972429636921e+01, 9.060505543526840455e+00, 3.000317645623823241e-03, -6.632799196939226372e-02, 9.978011050700055229e-01, -6.627936874379347643e-02, 7.035183081869648136e-01, 5.035183081869648580e-01
9.070611372297026520e+00, 3.788109393874295705e+01, 9.070489870767010743e+00, 2.428175857424974202e-03, -7.894428374686890404e-02, 9.968855180421909434e-01, -7.886230986822896638e-02, 8.177403961925867604e-01, 6.177403961925868048e-01
9.080612046356892009e+00, 3.792125440457007102e+01, 9.080466562180619761e+00, 1.735500408677390820e-03, -9.226927040939203462e-02, 9.957462100827947360e-01, -9.213840190577822498e-02, 9.383877955527158976e-01, 7.383877955527159420e-01
9.090612720416755721e+00, 3.796141452490905266e+01, 9.090433575420277634e+00, 9.151564027002239473e-04, -1.059822282928584020e-01, 9.943891384690730639e-01, -1.057839368464545127e-01, 1.062531872835994040e+00, 8.625318728359938625e-01
9.100613394476621210e+00, 3.800156653257634787e+01, 9.100388584476277742e+00, -3.987678090409452393e-05, -1.194840091943628752e-01, 9.928702740834938201e-01, -1.191999112473153266e-01, 1.184725919115268145e+00, 9.847259191152680780e-01
9.110614068536484922e+00, 3.804170089969851176e+01, 9.110329302301503063e+00, -1.133704541342935891e-03, -1.322770057829500134e-01, 9.912641457756469210e-01, -1.318915967743090334e-01, 1.300452078156585811e+00, 1.100452078156585634e+00
9.120614742596348634e+00, 3.808180560879812049e+01, 9.120254493782756100e+00, -2.360429773821954257e-03, -1.442639342446912776e-01, 9.896119937386285148e-01, -1.437640492218293653e-01, 1.408828806345242768e+00, 1.208828806345242590e+00
9.130615416656214123e+00, 3.812186934090901502e+01, 9.130163466751094248e+00, -3.711873552454779922e-03, -1.554392298900000025e-01, 9.879436271173688278e-01, -1.548140485814428202e-01, 1.509810448677305184e+00, 1.309810448677305006e+00
9.140616090716077835e+00, 3.816188210441162454e+01, 9.140055851202999904e+00, -5.179811436519662741e-03, -1.658003439251497513e-01, 9.862865810797636357e-01, -1.650417522386104230e-01, 1.603382054728944128e+00, 1.403382054728943951e+00
9.150616764775943324e+00, 3.820183510148068962e+01, 9.149931560284919385e+00, -6.756007085345500270e-03, -1.753473514878219064e-01, 9.846660027803819659e-01, -1.744501733117647946e-01, 1.689554735991007695e+00, 1.489554735991007517e+00
9.160617438835807036e+00, 3.824172069366348126e+01, 9.159790776830400105e+00, -8.432244327539757667e-03, -1.840826024786887949e-01, 9.831045890719771752e-01, -1.830447129682224450e-01, 1.768361495499311431e+00, 1.568361495499311253e+00
9.170618112895670748e+00, 3.828153231872726536e+01, 9.169633928795487776e+00, -1.020035305262039643e-02, -1.920103787161351327e-01, 9.816225730256312731e-01, -1.908327124120474672e-01, 1.839853217648299122e+00, 1.639853217648298944e+00
9.180618786955536237e+00, 3.832126439603717216e+01, 9.179461662724593296e+00, -1.205223011574808531e-02, -1.991365744139414473e-01, 9.802377486816735708e-01, -1.978230422864946936e-01, 1.904094981757169736e+00, 1.704094981757169558e+00
9.190619461015399949e+00, 3.836091223232160985e+01, 9.189274818071931250e+00, -1.397985602610718643e-02, -2.054684059416245490e-01, 9.789655250507649509e-01, -2.040257355386329852e-01, 1.961162756729031509e+00, 1.761162756729031331e+00
9.200620135075265438e+00, 3.840047193272452120e+01, 9.199074403484369000e+00, -1.597530806337833786e-02, -2.110141529430838159e-01, 9.778190015840610982e-01, -2.094516654055297578e-01, 2.011140494218651043e+00, 1.811140494218650865e+00
9.210620809135129150e+00, 3.843994031486436569e+01, 9.208861574381973725e+00, -1.803077014910488621e-02, -2.157829304446992058e-01, 9.768090585934929848e-01, -2.141122673965554501e-01, 2.054117612216874722e+00, 1.854117612216874988e+00
9.220621483194992862e+00, 3.847931482604568743e+01, 9.218637611777170449e+00, -2.013853987974325091e-02, -2.197844914779774061e-01, 9.759444570115202167e-01, -2.180193037978265524e-01, 2.090186857716176405e+00, 1.890186857716176227e+00
9.230622157254858351e+00, 3.851859344801983553e+01, 9.228403898360072688e+00, -2.229103224087906551e-02, -2.230290580547695523e-01, 9.752319431237161940e-01, -2.211846674413504854e-01, 2.119442520586729550e+00, 1.919442520586729373e+00
9.240622831314722063e+00, 3.855777461301042308e+01, 9.238161897630099872e+00, -2.448078159553109673e-02, -2.255271824448690787e-01, 9.746763538589026110e-01, -2.236202254455425809e-01, 2.141979007305315985e+00, 1.941979007305315807e+00
9.250623505374587552e+00, 3.859685712654295742e+01, 9.247913134892714382e+00, -2.670044214220413867e-02, -2.272896358501296510e-01, 9.742807200451953920e-01, -2.253376989059210911e-01, 2.157889739502735438e+00, 1.957889739502735260e+00
9.260624179434451264e+00, 3.863584009523490437e+01, 9.257659179593122900e+00, -2.894278710503639385e-02, -2.283273221635553074e-01, 9.740463656918796342e-01, -2.263485751721027173e-01, 2.167266348137186327e+00, 1.967266348137185927e+00
9.270624853494314976e+00, 3.867472285370265439e+01, 9.267401627457745761e+00, -3.120070663932957011e-02, -2.286512147216947788e-01, 9.739730019822746554e-01, -2.266640496630112633e-01, 2.170198136823677793e+00, 1.970198136823677393e+00
9.280625527554180465e+00, 3.871350489271859630e+01, 9.277142082899295872e+00, -3.346720485993527616e-02, -2.282723146455610808e-01, 9.740588150915472365e-01, -2.262949949566959162e-01, 2.166771794951952934e+00, 1.966771794951952756e+00
9.290626201614044177e+00, 3.875218579743776104e+01, 9.286882143838969483e+00, -3.573539679331780294e-02, -2.272016288167289788e-01, 9.743005475745458721e-01, -2.252519544775140881e-01, 2.157071337238530617e+00, 1.957071337238530662e+00
9.300626875673909666e+00, 3.879076518968341958e+01, 9.296623387403091243e+00, -3.799850516884314966e-02, -2.254501651307279919e-01, 9.746935735973093484e-01, -2.235451578274654238e-01, 2.141178243605154741e+00, 1.941178243605154341e+00
9.310627549733773378e+00, 3.882924267039406629e+01, 9.306367355465386737e+00, -4.024985704563288635e-02, -2.230289434511603108e-01, 9.752319684722710047e-01, -2.211845556762485066e-01, 2.119171781161215407e+00, 1.919171781161215229e+00
9.320628223793637090e+00, 3.886761776551456649e+01, 9.316115540814250195e+00, -4.248288067616676211e-02, -2.199490206494452427e-01, 9.759085732669300350e-01, -2.181798721791380902e-01, 2.091129490431987925e+00, 1.891129490431987747e+00
9.330628897853502579e+00, 3.890588987921245945e+01, 9.325869374901031961e+00, -4.469110302183882527e-02, -2.162217853432082115e-01, 9.767150003155354865e-01, -2.145409242047388865e-01, 2.057130164001861328e+00, 1.857130164001861150e+00
9.340629571913366291e+00, 3.894405825201273785e+01, 9.335630216548024052e+00, -4.686814793573389204e-02, -2.119650121531499176e-01, 9.776194005296611200e-01, -2.103813387827588588e-01, 2.018223172649282748e+00, 1.818223172649282571e+00
9.350630245973231780e+00, 3.898212191647604641e+01, 9.345399339709599573e+00, -4.900773473009437803e-02, -2.075600727617482044e-01, 9.785366299798556877e-01, -2.060729574390270102e-01, 1.977878216796953970e+00, 1.777878216796954014e+00
9.360630920033095492e+00, 3.902008024728917945e+01, 9.355177863949961647e+00, -5.110393826726793848e-02, -2.034058620432044606e-01, 9.793842544866774302e-01, -2.020061436282942491e-01, 1.939753010772093500e+00, 1.739753010772093322e+00
9.370631594092959205e+00, 3.905794439172849764e+01, 9.364965715625924503e+00, -5.315614361759069678e-02, -1.996859812043198790e-01, 9.801289154231050960e-01, -1.983615616784859537e-01, 1.905549351025054294e+00, 1.705549351025054117e+00
9.380632268152824693e+00, 3.909573638973529341e+01, 9.374761834209394351e+00, -5.516851410221745161e-02, -1.963941844174285078e-01, 9.807765698977871649e-01, -1.951341075761257593e-01, 1.875227798229643472e+00, 1.675227798229643295e+00
9.390632942212688405e+00, 3.913347847656229561e+01, 9.384565201110660837e+00, -5.714526724768251298e-02, -1.935196383694751388e-01, 9.813334390201016166e-01, -1.923140178483628560e-01, 1.848704877953629699e+00, 1.648704877953629522e+00
9.400633616272553894e+00, 3.917119276807455464e+01, 9.394374867123529427e+00, -5.909051392675680747e-02, -1.910539875358538142e-01, 9.818046347836274501e-01, -1.898938101081443230e-01, 1.825918296657242923e+00, 1.625918296657242745e+00
9.410634290332417606e+00, 3.920890137145541132e+01, 9.404189941845078948e+00, -6.100828141947672173e-02, -1.889912742287881142e-01, 9.821942423112440812e-01, -1.878682260805191739e-01, 1.806826499355181914e+00, 1.606826499355181737e+00
9.420634964392281319e+00, 3.924662648715804636e+01, 9.414009581297126061e+00, -6.290253532027925698e-02, -1.873278947007912809e-01, 9.825053795457149297e-01, -1.862342051389341280e-01, 1.791408512203941816e+00, 1.591408512203941639e+00
9.430635638452146807e+00, 3.928439051942776672e+01, 9.423832977700566715e+00, -6.477720142402064452e-02, -1.860625897415348340e-01, 9.827402360523823655e-01, -1.849908874612685439e-01, 1.779664063613342062e+00, 1.579664063613341884e+00
9.440636312512010520e+00, 3.932221620337491430e+01, 9.433659352909762319e+00, -6.663618818298368274e-02, -1.851964706845979636e-01, 9.829000915580640152e-01, -1.841396481346410374e-01, 1.771613998400734191e+00, 1.571613998400734014e+00
9.450636986571876008e+00, 3.936012672064505580e+01, 9.443487947620473832e+00, -6.848340857729606768e-02, -1.847330835583417818e-01, 9.829853139694880726e-01, -1.836841651321824698e-01, 1.767301014712439944e+00, 1.567301014712439766e+00
9.460637660631739720e+00, 3.939814582044622426e+01, 9.453318010087107481e+00, -7.032280250514191811e-02, -1.846785128944538612e-01, 9.829953362726758792e-01, -1.836305226975318838e-01, 1.766790740522108605e+00, 1.566790740522108427e+00
9.470638334691603433e+00, 3.943629796085306793e+01, 9.463148787516628246e+00, -7.215836066241106128e-02, -1.850415292208190399e-01, 9.829286106264004674e-01, -1.839873539460088470e-01, 1.770173188221583871e+00, 1.570173188221583693e+00
9.480639008751468921e+00, 3.947460847955224494e+01, 9.472979521637805433e+00, -7.399415060885250472e-02, -1.858337867515702513e-01, 9.827825367965576930e-01, -1.847660287166519311e-01, 1.777564647283711885e+00, 1.577564647283711707e+00
9.490639682811332634e+00, 3.951310374380236112e+01, 9.482809434576166652e+00, -7.583434293239282864e-02, -1.870700780449361111e-01, 9.825533611718726412e-01, -1.859808927009856117e-01, 1.789110075415321077e+00, 1.589110075415320900e+00
9.500640356871198122e+00, 3.955181132293489554e+01, 9.492637715254447883e+00, -7.768323997507596557e-02, -1.887686544209613293e-01, 9.822360411607190533e-01, -1.876495655335183033e-01, 1.804986064936930479e+00, 1.604986064936930301e+00
9.510641030931061835e+00, 3.959076019007977720e+01, 9.502463506769490920e+00, -7.954530783761801227e-02, -1.909516250693053530e-01, 9.818240676386673638e-01, -1.897933091693739249e-01, 1.825404496508295171e+00, 1.625404496508294994e+00
9.520641704990925547e+00, 3.962998098107077993e+01, 9.512285900192683386e+00, -8.142521349096830396e-02, -1.936454532353801550e-01, 9.813092352908480143e-01, -1.924374826609696609e-01, 1.850617039000299613e+00, 1.650617039000299435e+00
9.530642379050791035e+00, 3.966950624133878023e+01, 9.522103915464786184e+00, -8.332786429627736524e-02, -1.968815664351224737e-01, 9.806813485590463175e-01, -1.956120972445472561e-01, 1.880920634753963538e+00, 1.680920634753963361e+00
9.540643053110654748e+00, 3.970937070491396526e+01, 9.531916478642989077e+00, -8.525845274426460674e-02, -2.006971073532809458e-01, 9.799278458651782264e-01, -1.993524940853046712e-01, 1.916664191490809355e+00, 1.716664191490809177e+00
9.550643727170520236e+00, 3.974961162870977205e+01, 9.541722398664040483e+00, -8.722250838526349193e-02, -2.051358611008377575e-01, 9.790333186252804243e-01, -2.037001743287672750e-01, 1.958256774161322600e+00, 1.758256774161322644e+00
9.560644401230383949e+00, 3.979026919257082540e+01, 9.551520342808579755e+00, -8.922595855039258672e-02, -2.102494048440821384e-01, 9.779788933977497933e-01, -2.087038190079728295e-01, 2.006177668671026204e+00, 1.806177668671025804e+00
9.570645075290247661e+00, 3.983138698821145596e+01, 9.561308812148467950e+00, -9.127520039869103929e-02, -2.160985417902183958e-01, 9.767414336835802402e-01, -2.144205487488180795e-01, 2.060988812160611250e+00, 1.860988812160610850e+00
9.580645749350113149e+00, 3.987301251961957149e+01, 9.571086093384803206e+00, -9.337718215859265591e-02, -2.227550850748016564e-01, 9.752925051443834814e-01, -2.209174719418830202e-01, 2.123350077577907058e+00, 1.923350077577906658e+00
9.590646423409976862e+00, 3.991519785701466105e+01, 9.580850214983273716e+00, -9.553950270681882406e-02, -2.302987884204579505e-01, 9.735982345004315919e-01, -2.282684335987844593e-01, 2.193988579958401353e+00, 1.993988579958400953e+00
9.600647097469842350e+00, 3.995800029126662167e+01, 9.590598863774935978e+00, -9.777052442482199457e-02, -2.385432457272710083e-01, 9.716832183922344823e-01, -2.362873739642243065e-01, 2.271135442428645401e+00, 2.071135442428645224e+00
9.610647771529706063e+00, 4.000148341138145014e+01, 9.600329349003137835e+00, -1.000795245840624959e-01, -2.468334937595276501e-01, 9.696909690594153197e-01, -2.443346568225883420e-01, 2.348646965695579514e+00, 2.148646965695579336e+00
9.620648445589569775e+00, 4.004570081200435538e+01, 9.610039257993065576e+00, -1.024735436650266451e-01, -2.544911059032292089e-01, 9.677915365829983241e-01, -2.517529378543952312e-01, 2.420182587813145769e+00, 2.220182587813145592e+00
9.630649119649435264e+00, 4.009064804899998080e+01, 9.619728960625060665e+00, -1.049480633520274153e-01, -2.612824539837466098e-01, 9.660594895419715167e-01, -2.583196908210935727e-01, 2.483579338381107782e+00, 2.283579338381107604e+00
9.640649793709298976e+00, 4.013630274292254541e+01, 9.629399909463376872e+00, -1.074948964143678659e-01, -2.670829843059270292e-01, 9.645448546983960147e-01, -2.639189710400715594e-01, 2.537697666596117063e+00, 2.337697666596116886e+00
9.650650467769164464e+00, 4.018263712169351010e+01, 9.639054059158285170e+00, -1.101046724213125966e-01, -2.717669262512165673e-01, 9.632980973739604380e-01, -2.684339315282397997e-01, 2.581385555857663494e+00, 2.381385555857663316e+00
9.660651141829028177e+00, 4.022961780726136993e+01, 9.648693894982296015e+00, -1.127668299774887972e-01, -2.752100642804509167e-01, 9.623681340822679564e-01, -2.717491021199774925e-01, 2.613500698840139247e+00, 2.413500698840139069e+00
9.670651815888891889e+00, 4.027720551527237802e+01, 9.658322414731348005e+00, -1.154696249127246249e-01, -2.772929340900137651e-01, 9.618000289484225362e-01, -2.737529987320934111e-01, 2.632936035170378108e+00, 2.432936035170377931e+00
9.680652489948757378e+00, 4.032535487158492771e+01, 9.667943101485258595e+00, -1.182001685978688182e-01, -2.779044145750769745e-01, 9.616324545298605697e-01, -2.743410694644089487e-01, 2.638648731727908814e+00, 2.438648731727908636e+00
9.690653164008621090e+00, 4.037401426923461401e+01, 9.677559865610728451e+00, -1.209444945549510986e-01, -2.769456161862406396e-01, 9.618950502533456515e-01, -2.734189318575316885e-01, 2.629692170774803106e+00, 2.429692170774802928e+00
9.700653838068486579e+00, 4.042312581551028217e+01, 9.687176961359208249e+00, -1.236876579855357844e-01, -2.743339390546178369e-01, 9.626058509406154595e-01, -2.709058429323618622e-01, 2.605250377085953861e+00, 2.405250377085953684e+00
9.710654512128350291e+00, 4.047262537985733388e+01, 9.696798876223589048e+00, -1.264138697713795556e-01, -2.700071263824592727e-01, 9.637689955111861106e-01, -2.667383048820686775e-01, 2.564673926737984555e+00, 2.364673926737984377e+00
9.720655186188214003e+00, 4.052244277073842937e+01, 9.706430196091679008e+00, -1.291066663002702342e-01, -2.639270952003683890e-01, 9.653729490674253233e-01, -2.608736652267955591e-01, 2.507515938331924321e+00, 2.307515938331924144e+00
9.730655860248079492e+00, 4.057250206818092408e+01, 9.716075450786767931e+00, -1.317491148625655750e-01, -2.560832876118575019e-01, 9.673894736334851530e-01, -2.532935180835240718e-01, 2.433566226016167899e+00, 2.233566226016167722e+00
9.740656534307943204e+00, 4.062272213982369351e+01, 9.725738947208750318e+00, -1.343240525660359119e-01, -2.464952601689008038e-01, 9.697735557788571548e-01, -2.440066607943966737e-01, 2.342881170182827599e+00, 2.142881170182827422e+00
9.750657208367808693e+00, 4.067301736386976074e+01, 9.735424599379889798e+00, -1.368143543530675466e-01, -2.352142266848433749e-01, 9.724644378363136443e-01, -2.330513186911895851e-01, 2.235806446710235651e+00, 2.035806446710235473e+00
9.760657882427672405e+00, 4.072329857323762781e+01, 9.745135766295756952e+00, -1.392032229842573576e-01, -2.223233003530699636e-01, 9.753878030147545841e-01, -2.204963349583170251e-01, 2.112989594300237250e+00, 1.912989594300236851e+00
9.770658556487536117e+00, 4.077347422018364398e+01, 9.754875109083791074e+00, -1.414744909741566248e-01, -2.079362515380022147e-01, 9.784590404721462686e-01, -2.064410475615902629e-01, 1.975379641661881402e+00, 1.775379641661881225e+00
9.780659230547401606e+00, 4.082345174169596191e+01, 9.764644478539912242e+00, -1.436129218685872622e-01, -1.921947083406907730e-01, 9.815873802271021242e-01, -1.910136512893632899e-01, 1.824211763644683515e+00, 1.624211763644683337e+00
9.790659904607265318e+00, 4.087313908090825265e+01, 9.774444841700873354e+00, -1.456044962329769432e-01, -1.752638706789417522e-01, 9.846805625908513493e-01, -1.743679719895958047e-01, 1.660976207105101965e+00, 1.460976207105101787e+00
9.800660578667130807e+00, 4.092244630751638823e+01, 9.784276254870633238e+00, -1.474366674107899233e-01, -1.573711173259079998e-01, 9.876427003924238557e-01, -1.567223543772899297e-01, 1.487800062202686346e+00, 1.287800062202686169e+00
9.810661252726994519e+00, 4.097128722664256628e+01, 9.794137879290358839e+00, -1.490985716217860246e-01, -1.399599926415450724e-01, 9.902215781715788534e-01, -1.395034986062632099e-01, 1.318675877098679283e+00, 1.118675877098679106e+00
9.820661926786858231e+00, 4.101958288097839755e+01, 9.804027968231327606e+00, -1.505817742335496257e-01, -1.255563120082168194e-01, 9.921281556474267349e-01, -1.252266855412031976e-01, 1.178329509470417147e+00, 9.783295094704168582e-01
9.830662600846723720e+00, 4.106733136078244684e+01, 9.813941238026407277e+00, -1.519011425161627682e-01, -1.153511161101333921e-01, 9.933544336700572686e-01, -1.150954782258617193e-01, 1.078648586673177423e+00, 8.786485866731772454e-01
9.840663274906587432e+00, 4.111462424085651435e+01, 9.823870067264680372e+00, -1.530977796661124324e-01, -1.091269548377344772e-01, 9.940515605584404613e-01, -1.089104905476470930e-01, 1.017735421307012000e+00, 8.177354213070119338e-01
9.850663948966451144e+00, 4.116155751683042752e+01, 9.833808519208544041e+00, -1.542116437228572834e-01, -1.066614894686425813e-01, 9.943170541498274062e-01, -1.064593623257681920e-01, 9.935657168865341671e-01, 7.935657168865342115e-01
9.860664623026316633e+00, 4.120822476051746008e+01, 9.843751917854572042e+00, -1.552804302453722751e-01, -1.078114151094664991e-01, 9.941939764193079565e-01, -1.076026823623116163e-01, 1.004835242464553691e+00, 8.048352424645536241e-01
9.870665297086180345e+00, 4.125471677710161345e+01, 9.853696271080302438e+00, -1.563402947217100158e-01, -1.125055535623399189e-01, 9.936779229052623563e-01, -1.122683638906505077e-01, 1.050906459304123963e+00, 8.509064593041238966e-01
9.880665971146045834e+00, 4.130112149825072265e+01, 9.863637780056217608e+00, -1.574265273292558831e-01, -1.207396325138593990e-01, 9.927198212600474303e-01, -1.204464880244310310e-01, 1.131760095680977907e+00, 9.317600956809777291e-01
9.890666645205909546e+00, 4.134752391508641978e+01, 9.873572388897960295e+00, -1.585741827864375342e-01, -1.325725335230656388e-01, 9.912251248638371814e-01, -1.321845370634188443e-01, 1.247950881255964095e+00, 1.047950881255963917e+00
9.900667319265773259e+00, 4.139400590363115384e+01, 9.883495337843289263e+00, -1.598186692069827330e-01, -1.481235608427594053e-01, 9.890497485920516363e-01, -1.475825017066708655e-01, 1.400562352965648349e+00, 1.200562352965648172e+00
9.910667993325638747e+00, 4.144064580199064096e+01, 9.893400686455915860e+00, -1.611962960441715442e-01, -1.675700435666562238e-01, 9.859929624585358487e-01, -1.667869238946516619e-01, 1.591151453877281741e+00, 1.391151453877281563e+00
9.920668667385502459e+00, 4.148751758651190613e+01, 9.903280775119068124e+00, -1.627447731127076302e-01, -1.911442572198964740e-01, 9.817874891292361905e-01, -1.899824365285116279e-01, 1.821668629119855387e+00, 1.621668629119855209e+00
9.930669341445367948e+00, 4.153468946874313161e+01, 9.913125594941996965e+00, -1.645036395751286185e-01, -2.191281787110871959e-01, 9.760873356614621077e-01, -2.173787320813794499e-01, 2.094332753532460956e+00, 1.894332753532460778e+00
9.940670015505231660e+00, 4.158222170221345237e+01, 9.922922040352492701e+00, -1.665145823308500084e-01, -2.518439323640416228e-01, 9.684545786091147690e-01, -2.491901466170801938e-01, 2.411432588441798419e+00, 2.211432588441798242e+00
9.950670689565095373e+00, 4.163016335653264122e+01, 9.932653028106816606e+00, -1.688215758862394722e-01, -2.896369594675257120e-01, 9.583476246109634555e-01, -2.856043249016441687e-01, 2.775018906341061964e+00, 2.575018906341061786e+00
9.960671363624960861e+00, 4.167854781289354804e+01, 9.942296487748951250e+00, -1.714707402191479324e-01, -3.328481018650027989e-01, 9.451156002268089606e-01, -3.267361354486501002e-01, 3.186447860328224468e+00, 2.986447860328224291e+00
9.970672037684824573e+00, 4.172738679778621673e+01, 9.951824268999320822e+00, -1.745097722897713532e-01, -3.817703516636526961e-01, 9.280065209649751568e-01, -3.725639502776445511e-01, 3.645744755470298415e+00, 3.445744755470298237e+00
9.980672711744690062e+00, 4.177666298180029969e+01, 9.961201083205022400e+00, -1.779867724086031666e-01, -4.365868635543052045e-01, 9.062001799618740749e-01, -4.228489491970708336e-01, 4.150791765586458126e+00, 3.950791765586458393e+00
9.990673385804553774e+00, 4.182632155860886769e+01, 9.970383693590836316e+00, -1.819482794394370329e-01, -4.972902620318736533e-01, 8.788784559834563748e-01, -4.770457625932084111e-01, 4.696418869553351527e+00, 4.496418869553352238e+00
1.000067405986441749e+01, 4.187626203712605388e+01, 9.979320717504592153e+00, -1.864364040990831861e-01, -5.635909512960769474e-01, 8.453421887046497218e-01, -5.342252184201269349e-01, 5.273602232098044240e+00, 5.073602232098044951e+00
1.001067473392428298e+01, 4.192633195398003210e+01, 9.987953428043558901e+00, -1.914850969129939517e-01, -6.347209199764399790e-01, 8.052372091142256938e-01, -5.929528118306993667e-01, 5.868194144567314474e+00, 5.668194144567315185e+00
1.002067540798414669e+01, 4.197632663203318515e+01, 9.996218210751194988e+00, -1.971160766297968825e-01, -7.072798468467957900e-01, 7.601321558450901961e-01, -6.497685015836759392e-01, 6.445393460022924792e+00, 6.245393460022925503e+00
1.003067608204401218e+01, 4.202599541237911751e+01, 1.000405146184236038e+01, -2.033330481027046943e-01, -7.759812231968499230e-01, 7.137341125998777347e-01, -7.004167448821201347e-01, 6.961879427887028626e+00, 6.761879427887029337e+00
1.004067675610387589e+01, 4.207511862625988641e+01, 1.001142335127497596e+01, -2.100911196593984454e-01, -8.383356958892417277e-01, 6.687012134696382892e-01, -7.435312280625697712e-01, 7.403317712372335713e+00, 7.203317712372336423e+00
1.005067743016373960e+01, 4.212356344679825781e+01, 1.001834192377355670e+01, -2.173125222843928506e-01, -8.943941304190458075e-01, 6.259914065041628506e-01, -7.798299551716002531e-01, 7.776567361834321623e+00, 7.576567361834322334e+00
1.006067810422360509e+01, 4.217126027321975812e+01, 1.002482680101119072e+01, -2.249258423894500425e-01, -9.445280738644622476e-01, 5.861253084632048749e-01, -8.102204161701387353e-01, 8.090484613996984820e+00, 7.890484613996984642e+00
1.007067877828346880e+01, 4.221818571619210303e+01, 1.003090379370154750e+01, -2.328685458867417180e-01, -9.892308289413656031e-01, 5.493327451961173002e-01, -8.356036949746558085e-01, 8.353937956370513618e+00, 8.153937956370514328e+00
1.008067945234333429e+01, 4.226435103136579841e+01, 1.003660192808733598e+01, -2.410872875163393159e-01, -1.029037579680994741e+00, 5.156436883830426421e-01, -8.568031201102920269e-01, 8.575076709133014674e+00, 8.375076709133015385e+00
1.009068012640319800e+01, 4.230979131601640830e+01, 1.004195121205857433e+01, -2.495372266065667144e-01, -1.064474172093094584e+00, 4.849641331629437890e-01, -8.745340413874777008e-01, 8.761011572104326461e+00, 8.561011572104327172e+00
1.010068080046306171e+01, 4.235455741689772680e+01, 1.004698122024053042e+01, -2.581810163159648508e-01, -1.096028961133324930e+00, 4.571315547815684166e-01, -8.893990901856072551e-01, 8.917753266990207095e+00, 8.717753266990207806e+00
1.011068147452292720e+01, 4.239870999773500415e+01, 1.005172025459743246e+01, -2.669876821534316047e-01, -1.124139767055656547e+00, 4.319525174765408981e-01, -9.018963480609502037e-01, 9.050283787910307964e+00, 8.850283787910308675e+00
1.012068214858279092e+01, 4.244231548113172181e+01, 1.005619491763138740e+01, -2.759315591667323986e-01, -1.149190079741182924e+00, 4.092265728321545781e-01, -9.124327986696056936e-01, 9.162683546367436094e+00, 8.962683546367436804e+00
1.013068282264265640e+01, 4.248544339440412188e+01, 1.006042995308291665e+01, -2.849913479084102974e-01, -1.171510344942081394e+00, 3.887605888331512882e-01, -9.213388109539841775e-01, 9.258271166434033361e+00, 9.058271166434034072e+00
1.014068349670252012e+01, 4.252816475878306335e+01, 1.006444825462129344e+01, -2.941493114699474387e-01, -1.191381712231828649e+00, 3.703767791377804430e-01, -9.288816078895758555e-01, 9.339734802706228578e+00, 9.139734802706229289e+00
1.015068417076238383e+01, 4.257055123584955680e+01, 1.006827097444926800e+01, -3.033906103595233605e-01, -1.209040673944384414e+00, 3.539167994469905598e-01, -9.352769103689017038e-01, 9.409246335939091210e+00, 9.209246335939091921e+00
1.016068484482224932e+01, 4.261267480082555892e+01, 1.007191768597447989e+01, -3.127027562123212978e-01, -1.224683697773980340e+00, 3.392435355570578848e-01, -9.406985827472832407e-01, 9.468556304147584868e+00, 9.268556304147585578e+00
1.017068551888211303e+01, 4.265460779195614549e+01, 1.007540657342086909e+01, -3.220751646691662473e-01, -1.238471378746599294e+00, 3.262416499255257896e-01, -9.452864041410257157e-01, 9.519070516926161574e+00, 9.319070516926162284e+00
1.018068619294197852e+01, 4.269642324009564049e+01, 1.007875463312206854e+01, -3.314987889184087821e-01, -1.250531870134796275e+00, 3.148175812415348607e-01, -9.491521956679179750e-01, 9.561910442714221858e+00, 9.361910442714222569e+00
1.019068686700184223e+01, 4.273819543526638398e+01, 1.008197787988962446e+01, -3.409658203470552484e-01, -1.260963473104279586e+00, 3.048994531413296571e-01, -9.523845460076082459e-01, 9.597959633833726301e+00, 9.397959633833727011e+00
1.020068754106170594e+01, 4.278000071060186116e+01, 1.008509155618461861e+01, -3.504694434767823275e-01, -1.269836303859632309e+00, 2.964372152787072556e-01, -9.550523427529012954e-01, 9.627898131747086197e+00, 9.427898131747086907e+00
1.021068821512157143e+01, 4.282191841903304663e+01, 1.008811034322255473e+01, -3.600036273205142190e-01, -1.277192945680569292e+00, 2.894032790658055965e-01, -9.572072618121738596e-01, 9.652226248272990361e+00, 9.452226248272991072e+00
1.022068888918143514e+01, 4.286403211325361440e+01, 1.009104857728913629e+01, -3.695629394740685969e-01, -1.283047957651796578e+00, 2.837938905834950787e-01, -9.588853047510339511e-01, 9.671278485882563558e+00, 9.471278485882564269e+00
1.023068956324130063e+01, 4.290643105035103133e+01, 1.009392048306640177e+01, -3.791423900106564715e-01, -1.287386473793305841e+00, 2.796310933792139908e-01, -9.601075208618800039e-01, 9.685228969708743918e+00, 9.485228969708744629e+00
1.024069023730116434e+01, 4.294921194098722594e+01, 1.009674042254211912e+01, -3.887372602665244981e-01, -1.290354908717451954e+00, 2.767798488702963855e-01, -9.609333563048666482e-01, 9.694700021825594760e+00, 9.494700021825595471e+00
1.025069091136102806e+01, 4.299248128283603876e+01, 1.009952318832488949e+01, -3.983429575122491295e-01, -1.292596515463349194e+00, 2.746251205988655131e-01, -9.615513731132926400e-01, 9.701815406776827189e+00, 9.501815406776827899e+00
1.026069158542089355e+01, 4.303634552510881406e+01, 1.010228263199132037e+01, -4.079554208834263451e-01, -1.294815844846086916e+00, 2.724904468131584823e-01, -9.621584881897395913e-01, 9.708833029545857585e+00, 9.508833029545858295e+00
1.027069225948075726e+01, 4.308083259214595984e+01, 1.010502158606965217e+01, -4.175737065911339641e-01, -1.297236606829455630e+00, 2.701604939891287804e-01, -9.628153028943556846e-01, 9.716457500296122873e+00, 9.516457500296123584e+00
1.028069293354062275e+01, 4.312593378726627691e+01, 1.010773812482541345e+01, -4.271983621009073362e-01, -1.299867292140062247e+00, 2.676266980134130447e-01, -9.635226777354217731e-01, 9.724705216834388821e+00, 9.524705216834389532e+00
1.029069360760048646e+01, 4.317163676995303234e+01, 1.011043020593521113e+01, -4.368298815928527978e-01, -1.302714644139085554e+00, 2.648821286185494839e-01, -9.642807982836255620e-01, 9.733585281089581542e+00, 9.533585281089582253e+00
1.030069428166035017e+01, 4.321792583515654940e+01, 1.011309572099280096e+01, -4.464687882511228501e-01, -1.305784129166653207e+00, 2.619210399695867109e-01, -9.650893061376497606e-01, 9.743100962943881171e+00, 9.543100962943881882e+00
1.031069495572021566e+01, 4.326478152352173367e+01, 1.011573249772291661e+01, -4.561155954754805841e-01, -1.309079649910492193e+00, 2.587391516086407495e-01, -9.659472301450223730e-01, 9.753248824854642507e+00, 9.553248824854643217e+00
1.032069562978007937e+01, 4.331218046954098355e+01, 1.011833831727961197e+01, -4.657708110096944742e-01, -1.312603267049459843e+00, 2.553339242011561927e-01, -9.668529294324128553e-01, 9.764017954096562590e+00, 9.564017954096563301e+00
1.033069630383994486e+01, 4.336009523273082777e+01, 1.012091093068919356e+01, -4.754349272539674098e-01, -1.316354924584697050e+00, 2.517048347299916111e-01, -9.678040484382918196e-01, 9.775389302815035819e+00, 9.575389302815036530e+00
1.034069697789980857e+01, 4.340849420418255278e+01, 1.012344807912251987e+01, -4.851084147926140733e-01, -1.320332197114031159e+00, 2.478536336040227939e-01, -9.687974898343217900e-01, 9.787335204223746032e+00, 9.587335204223746743e+00
1.035069765195967229e+01, 4.345734157803291708e+01, 1.012594751654228453e+01, -4.947917146519239529e-01, -1.324530072420370130e+00, 2.437845706345330987e-01, -9.698294092883223971e-01, 9.799819112742815364e+00, 9.599819112742816074e+00
1.036069832601953777e+01, 4.350659740455674296e+01, 1.012840703473992221e+01, -5.044852307047538176e-01, -1.328940785435463123e+00, 2.395045739702343635e-01, -9.708952358763207613e-01, 9.812795616790985775e+00, 9.612795616790986486e+00
1.037069900007940149e+01, 4.355621773239980143e+01, 1.013082449020996556e+01, -5.141893221771104416e-01, -1.333553718832401813e+00, 2.350233665725505738e-01, -9.719897207094859715e-01, 9.826210761242283098e+00, 9.626210761242283809e+00
1.038069967413926697e+01, 4.360615484650310947e+01, 1.013319783225355764e+01, -5.239042966159822567e-01, -1.338355384002420045e+00, 2.303535059765481341e-01, -9.731070148161056199e-01, 9.840002701563621557e+00, 9.640002701563622267e+00
1.039070034819913069e+01, 4.365635760415039357e+01, 1.013552513153575951e+01, -5.336304036025465436e-01, -1.343329493063379232e+00, 2.255103358467873131e-01, -9.742407753867978748e-01, 9.854102691565309158e+00, 9.654102691565309868e+00
1.040070102225899440e+01, 4.370677186727995434e+01, 1.013780460821114815e+01, -5.433678295100256017e-01, -1.348457128070941646e+00, 2.205118420074992924e-01, -9.753842973589741394e-01, 9.868436383569727965e+00, 9.668436383569728676e+00
1.041070169631885989e+01, 4.375734102430855188e+01, 1.014003465865702225e+01, -5.531166935687585884e-01, -1.353717007959518437e+00, 2.153784110443636435e-01, -9.765306651897855961e-01, 9.882925395682869762e+00, 9.682925395682870473e+00
1.042070237037872360e+01, 4.380800658980096074e+01, 1.014221387983659106e+01, -5.628770454566258685e-01, -1.359085847398876279e+00, 2.101324958090256545e-01, -9.776729178028149558e-01, 9.897489078484637659e+00, 9.697489078484638370e+00
1.043070304443858909e+01, 4.385870886555341031e+01, 1.014434109035262921e+01, -5.726488645345052531e-01, -1.364538795279200301e+00, 2.047981986650420361e-01, -9.788042183315077693e-01, 9.912046395506550311e+00, 9.712046395506551022e+00
1.044070371849845280e+01, 4.390938764336340938e+01, 1.014641534738502671e+01, -5.824320608701685220e-01, -1.370049021717705262e+00, 1.994016839815775377e-01, -9.799178375891067772e-01, 9.926515452748088109e+00, 9.726515452748088819e+00
1.045070439255831651e+01, 4.395998292476181746e+01, 1.014843595878112481e+01, -5.922264776599897029e-01, -1.375356301033895390e+00, 1.941982024370665916e-01, -9.809623123087920504e-01, 9.940223887046418128e+00, 9.740223887046418838e+00
1.046070506661818200e+01, 4.401043572486133115e+01, 1.015040251439952890e+01, -6.020318914664573029e-01, -1.379677196026527719e+00, 1.899577676327866282e-01, -9.817922624037980217e-01, 9.951226014774801953e+00, 9.751226014774802664e+00
1.047070574067804571e+01, 4.406070492514977843e+01, 1.015231952617410016e+01, -6.118471116530770360e-01, -1.382431393005168818e+00, 1.872530012971990454e-01, -9.823117191122129332e-01, 9.958172238740505833e+00, 9.758172238740506543e+00
1.048070641473791120e+01, 4.411078664698708707e+01, 1.015420171227431645e+01, -6.216690696455812182e-01, -1.383584247051715677e+00, 1.861204150713150762e-01, -9.825269416630169061e-01, 9.961071448110820015e+00, 9.761071448110820725e+00
1.049070708879777492e+01, 4.416068261276683415e+01, 1.015606484312728064e+01, -6.314946600522026721e-01, -1.383171056630788209e+00, 1.865263698925348212e-01, -9.824499546209533030e-01, 9.960035037711797656e+00, 9.760035037711798367e+00
1.050070776285763863e+01, 4.421039497130149698e+01, 1.015792435970355534e+01, -6.413209350997857161e-01, -1.381226154590539767e+00, 1.884367848277822000e-01, -9.820853212036967372e-01, 9.955099952509371519e+00, 9.755099952509372230e+00
1.051070843691750412e+01, 4.425992591560419953e+01, 1.015979536852355736e+01, -6.511450284147698442e-01, -1.377782930603027589e+00, 1.918172008492277925e-01, -9.814306707344981895e-01, 9.946233966357910461e+00, 9.746233966357911171e+00
1.052070911097736783e+01, 4.430927733565775384e+01, 1.016169263792980537e+01, -6.609640840641016757e-01, -1.372874020515763460e+00, 1.966326252764451221e-01, -9.804772361849576345e-01, 9.933341209535480942e+00, 9.733341209535481653e+00
1.053070978503723332e+01, 4.435845050332386563e+01, 1.016363059336498864e+01, -6.707751909040489124e-01, -1.366531636956908491e+00, 2.028471914460565628e-01, -9.792104048275053207e-01, 9.916267964279569469e+00, 9.716267964279570180e+00
1.054071045909709703e+01, 4.440744578732716263e+01, 1.016562330975243711e+01, -6.805753223590760292e-01, -1.358788017955621319e+00, 2.104236662658897083e-01, -9.776102907985478874e-01, 9.894808805494688997e+00, 9.694808805494689707e+00
1.055071113315696074e+01, 4.445626239687784675e+01, 1.016768449939655028e+01, -6.903612818078478375e-01, -1.349675971789886963e+00, 2.193228374834863825e-01, -9.756523422603936568e-01, 9.868713201986107464e+00, 9.668713201986108174e+00
1.056071180721682623e+01, 4.450489815340561961e+01, 1.016982749413590170e+01, -7.001296538729641084e-01, -1.339229496679993137e+00, 2.295028129031443098e-01, -9.733079979480001587e-01, 9.837692712833192132e+00, 9.637692712833192843e+00
1.057071248127668994e+01, 4.455334929084830264e+01, 1.017206522079771425e+01, -7.098767620500683329e-01, -1.327484453272610221e+00, 2.409182654462106443e-01, -9.705454081980858794e-01, 9.801428913742995519e+00, 9.601428913742996230e+00
1.058071315533655543e+01, 4.460161028592898447e+01, 1.017441016933254616e+01, -7.195986332593433676e-01, -1.314479266221838749e+00, 2.535196606621298865e-01, -9.673302340244299691e-01, 9.759582168844151084e+00, 9.559582168844151795e+00
1.059071382939641914e+01, 4.464967372079126307e+01, 1.017687435336363322e+01, -7.292909700402862017e-01, -1.300255628815263131e+00, 2.672525066498933621e-01, -9.636265343427135033e-01, 9.711801323752641935e+00, 9.511801323752642645e+00
1.060071450345628286e+01, 4.469753018109786780e+01, 1.017946926326929713e+01, -7.389491312068214857e-01, -1.284859181827215480e+00, 2.820566697901706332e-01, -9.593977459984355249e-01, 9.657734335548383342e+00, 9.457734335548384053e+00
1.061071517751614834e+01, 4.474516819326658634e+01, 1.018220581233635080e+01, -7.485681218383131164e-01, -1.268340135081974740e+00, 2.978658024514463376e-01, -9.546077538601684953e-01, 9.597039775555415986e+00, 9.397039775555416696e+00
1.062071585157601206e+01, 4.479257420531178724e+01, 1.018509427700321268e+01, -7.581425935804122496e-01, -1.250753797893263020e+00, 3.146069302713488947e-01, -9.492220390536866281e-01, 9.529399043496731281e+00, 9.329399043496731991e+00
1.063071652563587755e+01, 4.483973261370482533e+01, 1.018814423256102586e+01, -7.676668557457938524e-01, -1.232160984336972742e+00, 3.322002447506665068e-01, -9.432088832213134655e-01, 9.454529026325824148e+00, 9.254529026325824859e+00
1.064071719969574126e+01, 4.488662584589572191e+01, 1.019136448664481165e+01, -7.771348990890396546e-01, -1.212628257188803627e+00, 3.505591452866678726e-01, -9.365405947719943613e-01, 9.372194811863417740e+00, 9.172194811863418451e+00
1.065071787375560497e+01, 4.493323447287088612e+01, 1.019476301091024517e+01, -7.865404269298738038e-01, -1.192317264962069689e+00, 3.695075994524415486e-01, -9.292277083400461990e-01, 9.282623604670840578e+00, 9.082623604670841289e+00
1.066071854781547046e+01, 4.497953746753069737e+01, 1.019834688204234396e+01, -7.958769167503885189e-01, -1.172245274235756307e+00, 3.880833650236487076e-01, -9.216242736559847604e-01, 9.190177445656914301e+00, 8.990177445656915012e+00
1.067071922187533417e+01, 4.502551340748629372e+01, 1.020212139611397717e+01, -8.051379557370987872e-01, -1.153779098661716906e+00, 4.050351071886642562e-01, -9.143011330763335387e-01, 9.101702014045677913e+00, 8.901702014045678624e+00
1.068071989593519788e+01, 4.507116311621237514e+01, 1.020607685737244275e+01, -8.143231902384981957e-01, -1.137464781415506776e+00, 4.198967440077482349e-01, -9.075718838591748661e-01, 9.020816744105886187e+00, 8.820816744105886897e+00
1.069072056999506337e+01, 4.511650932421697036e+01, 1.021019206742320407e+01, -8.234379579829488316e-01, -1.123207291839808164e+00, 4.327933255529869405e-01, -9.014931709984198571e-01, 8.948039971142254245e+00, 8.748039971142254956e+00
1.070072124405492708e+01, 4.516157869441857997e+01, 1.021444690901417118e+01, -8.324883848552483423e-01, -1.110901738343370804e+00, 4.438536502179306620e-01, -8.960992898045500032e-01, 8.883655612531848433e+00, 8.683655612531849144e+00
1.071072191811479257e+01, 4.520640013307507843e+01, 1.021882259328592113e+01, -8.414810035089028695e-01, -1.100455355618211728e+00, 4.531902581349149250e-01, -8.914138152012280880e-01, 8.827848641549682185e+00, 8.627848641549682895e+00
1.072072259217465628e+01, 4.525100426235223239e+01, 1.022330150875663790e+01, -8.504226499255782556e-01, -1.091787997646856523e+00, 4.608993416155355294e-01, -8.874524195123735248e-01, 8.780734419904938193e+00, 8.580734419904938903e+00
1.073072326623452000e+01, 4.529542293602739989e+01, 1.022786705817101982e+01, -8.593203693729828396e-01, -1.084832320110774795e+00, 4.670609752550286542e-01, -8.842251101353215681e-01, 8.742381866184839367e+00, 8.542381866184840078e+00
1.074072394029438549e+01, 4.533968890008029007e+01, 1.023250349903460510e+01, -8.681813519349309560e-01, -1.079533753055958112e+00, 4.717395230609323087e-01, -8.817379556207411984e-01, 8.712831259228673630e+00, 8.512831259228674341e+00
1.075072461435424920e+01, 4.538383553943857862e+01, 1.023719578678544551e+01, -8.770128856212254798e-01, -1.075850376158871580e+00, 4.749840888280264517e-01, -8.799943837094696963e-01, 8.692107630938203044e+00, 8.492107630938203755e+00
1.076072528841411469e+01, 4.542789669874366609e+01, 1.024192942227444547e+01, -8.858223244891204606e-01, -1.073752767299649635e+00, 4.768289265339168415e-01, -8.789961176367688811e-01, 8.680230491203106524e+00, 8.480230491203107235e+00
1.077072596247397840e+01, 4.547190655722337027e+01, 1.024669030322312224e+01, -8.946170676987722503e-01, -1.073223874974353009e+00, 4.772937541218436608e-01, -8.787438035492921573e-01, 8.677220472102513682e+00, 8.477220472102514393e+00
1.078072663653384211e+01, 4.551589954111557290e+01, 1.025146457875660388e+01, -9.034045461377462338e-01, -1.074258947378020634e+00, 4.763839351430630975e-01, -8.792373663224338776e-01, 8.683103304458441585e+00, 8.483103304458442295e+00
1.079072731059370760e+01, 4.555991026016469192e+01, 1.025623850582304364e+01, -9.121922138941236380e-01, -1.076865537515381277e+00, 4.740905079411593115e-01, -8.804761156783831311e-01, 8.697911371053100638e+00, 8.497911371053101348e+00
1.080072798465357131e+01, 4.560397345561150928e+01, 1.026099830602981910e+01, -9.209875420575011074e-01, -1.081063592792928629e+00, 4.703900537932470538e-01, -8.824586093933166620e-01, 8.721682916674913244e+00, 8.521682916674913955e+00
1.081072865871343680e+01, 4.564812394772783932e+01, 1.026573002131300427e+01, -9.297980124667228896e-01, -1.086885627540429278e+00, 4.652444059618096595e-01, -8.851822652545874304e-01, 8.754458830783317325e+00, 8.554458830783318035e+00
1.082072933277330051e+01, 4.569239657039392455e+01, 1.027041936679734668e+01, -9.386311089203982494e-01, -1.094376966395404827e+00, 4.586002129545044825e-01, -8.886426979827624084e-01, 8.796276749088590918e+00, 8.596276749088591629e+00
1.083073000683316423e+01, 4.573682607861075411e+01, 1.027505157922450962e+01, -9.474943030482406714e-01, -1.103596033864979953e+00, 4.503883836584322564e-01, -8.928327412598312529e-01, 8.847162040389706661e+00, 8.647162040389707371e+00
1.084073068089302971e+01, 4.578144701460470856e+01, 1.027961125971233614e+01, -9.563950319909856335e-01, -1.114614649563218318e+00, 4.405234613399269805e-01, -8.977410985407150434e-01, 8.907115054964677370e+00, 8.707115054964678080e+00
1.085073135495289343e+01, 4.582629351310155386e+01, 1.028408220975189025e+01, -9.653406640129826854e-01, -1.127518266711839745e+00, 4.289030015645395877e-01, -9.033505494817217762e-01, 8.976093806767094563e+00, 8.776093806767095273e+00
1.086073202901275891e+01, 4.587139903109501660e+01, 1.028844726082271066e+01, -9.743384491004258852e-01, -1.142406064899998963e+00, 4.154070661481186200e-01, -9.096356245190777567e-01, 9.053991072853944999e+00, 8.853991072853945710e+00
1.087073270307262263e+01, 4.591679595343008202e+01, 1.029268809613473934e+01, -9.833954447857234937e-01, -1.159380554391521434e+00, 3.999073624136678662e-01, -9.165555637752373919e-01, 9.140553462181575384e+00, 8.940553462181576094e+00
1.088073337713248634e+01, 4.596251511665612810e+01, 1.029678507363983897e+01, -9.925184255772747655e-01, -1.178063669667578806e+00, 3.827144518006556084e-01, -9.238666832302827592e-01, 9.233005528771863979e+00, 9.033005528771864689e+00
1.089073405119235183e+01, 4.600858494996683135e+01, 1.030071706321357183e+01, -1.001713714892579210e+00, -1.197322686292622951e+00, 3.648518138252273002e-01, -9.310656013130554909e-01, 9.325166260604429880e+00, 9.125166260604430590e+00
1.090073472525221554e+01, 4.605501729278648781e+01, 1.030446850502679190e+01, -1.010984137527539017e+00, -1.216205358584987684e+00, 3.472068089475332520e-01, -9.377885858872836433e-01, 9.412392371361615773e+00, 9.212392371361616483e+00
1.091073539931208103e+01, 4.610179052639985287e+01, 1.030804003527282298e+01, -1.020325340688115867e+00, -1.234526146286321069e+00, 3.299684759075041107e-01, -9.439919517174280017e-01, 9.494031633681915494e+00, 9.294031633681916205e+00
1.092073607337194474e+01, 4.614887856225312390e+01, 1.031143542738245245e+01, -1.029731995720512439e+00, -1.252215644006205775e+00, 3.132189780609496155e-01, -9.496809315672576357e-01, 9.570041999095948881e+00, 9.370041999095949592e+00
1.093073674743180845e+01, 4.619625552714421701e+01, 1.031465929370125956e+01, -1.039198804559700484e+00, -1.269207990128977670e+00, 2.970372292262052905e-01, -9.548658986756300981e-01, 9.640435682491395042e+00, 9.440435682491395752e+00
1.094073742149167394e+01, 4.624389605777381718e+01, 1.031771705632153946e+01, -1.048720559441975730e+00, -1.285441437097822215e+00, 2.814980076159245281e-01, -9.595618123436681079e-01, 9.705274529784297499e+00, 9.505274529784298210e+00
1.095073809555153765e+01, 4.629177554071845435e+01, 1.032061490644120205e+01, -1.058292191811877725e+00, -1.300858771539150416e+00, 2.666712537416883189e-01, -9.637875504631900903e-01, 9.764664054337337973e+00, 9.564664054337338683e+00
1.096073876961140314e+01, 4.633987032068412759e+01, 1.032335975633679759e+01, -1.067908814952537755e+00, -1.315407593146571408e+00, 2.526215528493004903e-01, -9.675651662994115831e-01, 9.818746516273900937e+00, 9.618746516273901648e+00
