# laptime, ego_x_pos, ego_y_pos, actual speed, expected speed, tracking error, nosie, completion, steering, slip_angle
0.000000  ,0.151992  ,0.122982  ,0.000000  ,0.000000  ,0.000000  ,0.016771  ,0.120000  ,0.006661  ,-41.227155
0.000000  ,0.151992  ,0.122982  ,0.000000  ,0.000000  ,0.000000  ,0.006350  ,0.120000  ,0.006661  ,-2.249676 
0.040000  ,0.151992  ,0.122982  ,0.000000  ,0.000000  ,0.000000  ,0.013670  ,0.120000  ,0.006661  ,-2.249676 
0.080000  ,0.190549  ,0.177643  ,0.266280  ,0.000000  ,0.000000  ,0.026587  ,0.120000  ,0.001917  ,-57.044685
0.120000  ,0.208796  ,0.176976  ,0.646680  ,0.000000  ,0.000000  ,0.005232  ,0.120000  ,0.001703  ,-0.103255 
0.160000  ,0.242255  ,0.175940  ,1.027080  ,0.000000  ,0.000000  ,-0.002049 ,0.120000  ,0.001346  ,-0.348062 
0.200000  ,0.290926  ,0.174519  ,1.407480  ,0.000000  ,0.000000  ,0.016434  ,0.120000  ,0.000840  ,-0.333251 
0.240000  ,0.354809  ,0.172763  ,1.787880  ,0.000000  ,0.000000  ,-0.010741 ,0.240000  ,0.000175  ,-0.285061 
0.280000  ,0.433906  ,0.170747  ,2.168280  ,0.000000  ,0.000000  ,-0.004636 ,0.240000  ,-0.000678 ,-0.227944 
0.320000  ,0.528220  ,0.168563  ,2.548680  ,0.000000  ,0.000000  ,-0.015339 ,0.370000  ,0.008462  ,-0.166968 
0.360000  ,0.637752  ,0.166296  ,2.929080  ,0.000000  ,0.000000  ,0.004363  ,0.370000  ,0.007183  ,-0.106901 
0.400000  ,0.762492  ,0.163498  ,3.309480  ,0.000000  ,0.000000  ,0.017682  ,0.490000  ,-0.001139 ,-0.030146 
0.440000  ,0.902447  ,0.160514  ,3.689880  ,0.000000  ,0.000000  ,-0.022243 ,0.490000  ,-0.000531 ,0.003979  
0.480000  ,1.057623  ,0.157619  ,4.070280  ,0.000000  ,0.000000  ,0.015845  ,0.610000  ,0.000444  ,0.039767  
0.520000  ,1.228011  ,0.154352  ,4.450680  ,0.000000  ,0.000000  ,-0.006211 ,0.730000  ,-0.005843 ,0.020982  
0.560000  ,1.413604  ,0.150418  ,4.831080  ,0.000000  ,0.000000  ,0.025261  ,0.860000  ,-0.004430 ,-0.057482 
0.600000  ,1.614412  ,0.146216  ,5.211480  ,0.000000  ,0.000000  ,-0.013014 ,0.980000  ,-0.000655 ,-0.039980 
0.640000  ,1.830427  ,0.141465  ,5.591880  ,0.000000  ,0.000000  ,0.013118  ,1.100000  ,-0.001742 ,-0.056820 
0.680000  ,2.061642  ,0.135888  ,5.972280  ,0.000000  ,0.000000  ,-0.013801 ,1.220000  ,-0.006639 ,-0.145776 
0.720000  ,2.307801  ,0.129315  ,6.330167  ,0.000000  ,0.000000  ,0.029344  ,1.350000  ,-0.004579 ,-0.249176 
0.760000  ,2.566986  ,0.121600  ,6.625826  ,0.000000  ,0.000000  ,0.010836  ,1.470000  ,-0.002224 ,-0.345006 
0.800000  ,2.836884  ,0.112622  ,6.869136  ,0.000000  ,0.000000  ,0.000010  ,1.590000  ,0.003692  ,-0.438266 
0.840000  ,3.115584  ,0.102265  ,7.069365  ,0.000000  ,0.000000  ,0.009983  ,1.840000  ,0.004345  ,-0.533319 
0.880000  ,3.401509  ,0.090435  ,7.234142  ,0.000000  ,0.000000  ,0.029896  ,1.960000  ,0.000280  ,-0.620417 
0.920000  ,3.693397  ,0.077822  ,7.369744  ,0.000000  ,0.000000  ,0.010611  ,2.080000  ,0.001482  ,-0.427957 
0.960000  ,3.990211  ,0.065020  ,7.481337  ,0.000000  ,0.000000  ,-0.028198 ,2.200000  ,0.004354  ,-0.019023 
1.000000  ,4.291101  ,0.052617  ,7.573171  ,0.000000  ,0.000000  ,-0.000184 ,2.450000  ,-0.004021 ,0.410747  
1.040000  ,4.595371  ,0.041205  ,7.648745  ,0.000000  ,0.000000  ,0.008908  ,2.570000  ,-0.019933 ,0.764022  
1.080000  ,4.902441  ,0.031250  ,7.710938  ,0.000000  ,0.000000  ,0.004507  ,2.690000  ,-0.024171 ,1.012024  
1.120000  ,5.211801  ,0.022223  ,7.762119  ,0.000000  ,0.000000  ,0.006675  ,2.820000  ,-0.007580 ,0.848125  
1.160000  ,5.523035  ,0.013623  ,7.804238  ,0.000000  ,0.000000  ,0.004683  ,2.940000  ,-0.024495 ,0.359647  
1.200000  ,5.835795  ,0.004821  ,7.838899  ,0.000000  ,0.000000  ,0.024133  ,3.180000  ,-0.028630 ,-0.203763 
1.240000  ,6.149789  ,-0.004899 ,7.867423  ,0.000000  ,0.000000  ,-0.007145 ,3.300000  ,-0.031647 ,-0.700630 
1.280000  ,6.464767  ,-0.016170 ,7.890897  ,0.000000  ,0.000000  ,-0.033518 ,3.550000  ,-0.042269 ,-1.086976 
1.320000  ,6.780520  ,-0.029482 ,7.910215  ,0.000000  ,0.000000  ,0.019808  ,3.670000  ,-0.041240 ,-1.365623 
1.360000  ,7.096866  ,-0.045189 ,7.926112  ,0.000000  ,0.000000  ,-0.016088 ,3.790000  ,-0.033490 ,-1.557079 
1.400000  ,7.413610  ,-0.064170 ,7.939195  ,0.000000  ,0.000000  ,0.011645  ,4.040000  ,-0.021338 ,-1.954575 
1.440000  ,7.730537  ,-0.087518 ,7.949961  ,0.000000  ,0.000000  ,0.016726  ,4.280000  ,-0.038587 ,-2.658911 
1.480000  ,8.047424  ,-0.116135 ,7.958821  ,0.000000  ,0.000000  ,0.006019  ,4.410000  ,-0.032107 ,-3.448854 
1.520000  ,8.364077  ,-0.150383 ,7.966112  ,0.000000  ,0.000000  ,0.002871  ,4.650000  ,-0.031097 ,-3.885469 
1.560000  ,8.680259  ,-0.190853 ,7.972112  ,0.000000  ,0.000000  ,-0.016944 ,4.770000  ,-0.028293 ,-4.100312 
1.600000  ,8.995678  ,-0.238380 ,7.977050  ,0.000000  ,0.000000  ,0.014501  ,4.900000  ,-0.026427 ,-4.410757 
1.640000  ,9.310182  ,-0.292700 ,7.981113  ,0.000000  ,0.000000  ,0.012104  ,5.140000  ,-0.024285 ,-4.504480 
1.680000  ,9.623683  ,-0.353323 ,7.984457  ,0.000000  ,0.000000  ,0.005798  ,5.260000  ,-0.024388 ,-4.213363 
1.720000  ,9.936108  ,-0.419855 ,7.987209  ,0.000000  ,0.000000  ,-0.013270 ,5.510000  ,-0.029508 ,-3.743427 
1.760000  ,10.247462 ,-0.491682 ,7.989474  ,0.000000  ,0.000000  ,-0.012499 ,5.630000  ,-0.045277 ,-3.269865 
1.800000  ,10.557783 ,-0.568196 ,7.991338  ,0.000000  ,0.000000  ,-0.027533 ,5.750000  ,-0.033795 ,-2.868878 
1.840000  ,10.867117 ,-0.648881 ,7.992872  ,0.000000  ,0.000000  ,0.010811  ,6.000000  ,-0.032845 ,-2.562039 
1.880000  ,11.175325 ,-0.733966 ,7.994134  ,0.000000  ,0.000000  ,-0.006827 ,6.240000  ,-0.045928 ,-2.619014 
1.920000  ,11.482151 ,-0.824071 ,7.995172  ,0.000000  ,0.000000  ,-0.007888 ,6.360000  ,0.007765  ,-3.108061 
1.960000  ,11.787316 ,-0.919774 ,7.996027  ,0.000000  ,0.000000  ,-0.014648 ,6.610000  ,0.013053  ,-3.771132 
2.000000  ,12.090441 ,-1.021845 ,7.996731  ,0.000000  ,0.000000  ,0.013016  ,6.730000  ,0.012363  ,-4.410140 
2.040000  ,12.391452 ,-1.130076 ,7.997309  ,0.000000  ,0.000000  ,0.025141  ,6.980000  ,-0.014495 ,-4.508050 
2.080000  ,12.690698 ,-1.243156 ,7.997786  ,0.000000  ,0.000000  ,0.027410  ,7.100000  ,-0.019970 ,-3.716663 
2.120000  ,12.988472 ,-1.360109 ,7.998178  ,0.000000  ,0.000000  ,0.014349  ,7.340000  ,-0.032275 ,-2.516025 
2.160000  ,13.284953 ,-1.480341 ,7.998500  ,0.000000  ,0.000000  ,0.004396  ,7.470000  ,-0.038644 ,-1.681883 
2.200000  ,13.580395 ,-1.603137 ,7.998766  ,0.000000  ,0.000000  ,-0.001496 ,7.710000  ,-0.126783 ,-1.339605 
2.240000  ,13.874688 ,-1.728682 ,7.998984  ,0.000000  ,0.000000  ,0.019304  ,7.830000  ,-0.049622 ,-1.569904 
2.280000  ,14.163487 ,-1.856151 ,7.713733  ,0.000000  ,0.000000  ,-0.002669 ,7.960000  ,-0.106436 ,-2.647830 
2.320000  ,14.440458 ,-1.986247 ,7.670489  ,0.000000  ,0.000000  ,0.000801  ,8.200000  ,-0.049622 ,-5.008639 
2.360000  ,14.710636 ,-2.123576 ,7.400857  ,0.000000  ,0.000000  ,-0.012245 ,8.320000  ,-0.049622 ,-7.460984 
2.400000  ,14.966753 ,-2.268169 ,7.400157  ,0.000000  ,0.000000  ,-0.003461 ,8.450000  ,-0.049622 ,-10.387378
2.440000  ,15.217860 ,-2.428934 ,7.506364  ,0.000000  ,0.000000  ,0.004244  ,8.690000  ,-0.049622 ,-10.369730
2.480000  ,15.463798 ,-2.604249 ,7.593767  ,0.000000  ,0.000000  ,-0.006807 ,8.810000  ,-0.186591 ,-8.865066 
2.520000  ,15.704540 ,-2.791863 ,7.665694  ,0.000000  ,0.000000  ,-0.004527 ,9.060000  ,-0.260449 ,-7.108086 
2.560000  ,15.936681 ,-2.986421 ,7.396290  ,0.000000  ,0.000000  ,-0.017554 ,9.180000  ,-0.315352 ,-6.642895 
2.600000  ,16.149240 ,-3.181049 ,7.015890  ,0.000000  ,0.000000  ,0.007060  ,9.300000  ,-0.299849 ,-10.035822
2.640000  ,16.335610 ,-3.380420 ,6.635490  ,0.000000  ,0.000000  ,0.000397  ,9.420000  ,-0.170002 ,-18.367128
2.680000  ,16.486729 ,-3.588983 ,6.255090  ,0.000000  ,0.000000  ,-0.006011 ,9.670000  ,-0.008279 ,-31.490694
2.720000  ,16.589527 ,-3.808145 ,5.874690  ,0.000000  ,0.000000  ,0.004665  ,9.670000  ,0.077928  ,-48.036138
2.760000  ,16.625249 ,-4.040187 ,6.064890  ,0.000000  ,0.000000  ,-0.018717 ,9.790000  ,0.400000  ,-52.464971
2.800000  ,16.591658 ,-4.283620 ,6.187238  ,0.000000  ,0.000000  ,0.013285  ,10.040000 ,0.400000  ,-35.789371
2.840000  ,16.515659 ,-4.514789 ,5.911103  ,0.000000  ,0.000000  ,-0.024955 ,10.160000 ,0.400000  ,-25.893813
2.880000  ,16.421118 ,-4.723105 ,5.530703  ,0.000000  ,0.000000  ,0.016152  ,10.280000 ,0.400000  ,-23.006005
2.920000  ,16.319597 ,-4.911033 ,5.150303  ,0.000000  ,0.000000  ,0.021285  ,10.280000 ,0.400000  ,-19.605096
2.960000  ,16.219899 ,-5.082567 ,4.769903  ,0.000000  ,0.000000  ,-0.040070 ,10.400000 ,0.400000  ,-12.964784
3.000000  ,16.129212 ,-5.241725 ,4.389503  ,0.000000  ,0.000000  ,0.010240  ,10.530000 ,0.400000  ,-3.797700 
3.040000  ,16.054726 ,-5.392218 ,4.009103  ,0.000000  ,0.000000  ,-0.005269 ,10.530000 ,0.279386  ,5.943052  
3.080000  ,16.003888 ,-5.536109 ,3.628703  ,0.000000  ,0.000000  ,0.015803  ,10.650000 ,0.081136  ,14.575810 
3.120000  ,15.983137 ,-5.674492 ,3.437422  ,0.000000  ,0.000000  ,0.002576  ,10.650000 ,0.009428  ,18.862206 
3.160000  ,15.994789 ,-5.814800 ,3.702006  ,0.000000  ,0.000000  ,0.001439  ,10.770000 ,-0.038446 ,13.887258 
3.200000  ,16.030487 ,-5.966279 ,4.082406  ,0.000000  ,0.000000  ,0.016990  ,10.890000 ,-0.049622 ,7.145408  
3.240000  ,16.080052 ,-6.129828 ,4.462806  ,0.000000  ,0.000000  ,0.009598  ,11.020000 ,-0.049622 ,3.381828  
3.280000  ,16.137116 ,-6.306985 ,4.843206  ,0.000000  ,0.000000  ,-0.003509 ,11.020000 ,-0.039655 ,1.200808  
3.320000  ,16.198662 ,-6.498683 ,5.223606  ,0.000000  ,0.000000  ,-0.008219 ,11.140000 ,-0.034100 ,-0.079129 
3.360000  ,16.263255 ,-6.705377 ,5.604006  ,0.000000  ,0.000000  ,-0.004870 ,11.260000 ,-0.048897 ,-0.726422 
3.400000  ,16.330129 ,-6.927286 ,5.984406  ,0.000000  ,0.000000  ,-0.019221 ,11.380000 ,-0.028714 ,-0.982814 
3.440000  ,16.398817 ,-7.164237 ,6.340644  ,0.000000  ,0.000000  ,-0.001166 ,11.510000 ,-0.021426 ,-1.066807 
3.480000  ,16.468477 ,-7.414398 ,6.634448  ,0.000000  ,0.000000  ,0.006777  ,11.630000 ,-0.039543 ,-1.160325 
3.520000  ,16.538622 ,-7.675500 ,6.876231  ,0.000000  ,0.000000  ,0.038923  ,11.870000 ,-0.020859 ,-1.159329 
3.560000  ,16.609100 ,-7.945606 ,7.075204  ,0.000000  ,0.000000  ,0.001571  ,12.000000 ,-0.035754 ,-1.027293 
3.600000  ,16.679099 ,-8.223301 ,7.238948  ,0.000000  ,0.000000  ,-0.017137 ,12.120000 ,-0.020393 ,-1.097264 
3.640000  ,16.748141 ,-8.507365 ,7.373699  ,0.000000  ,0.000000  ,0.000044  ,12.360000 ,-0.023984 ,-1.271139 
3.680000  ,16.815626 ,-8.796835 ,7.484591  ,0.000000  ,0.000000  ,0.006934  ,12.480000 ,-0.026145 ,-1.542788 
3.720000  ,16.880993 ,-9.090921 ,7.575849  ,0.000000  ,0.000000  ,-0.017765 ,12.610000 ,-0.013538 ,-1.780791 
3.760000  ,16.944262 ,-9.388858 ,7.650948  ,0.000000  ,0.000000  ,0.011431  ,12.850000 ,-0.013713 ,-1.803046 
3.800000  ,17.005256 ,-9.690054 ,7.712751  ,0.000000  ,0.000000  ,-0.013184 ,12.970000 ,-0.014542 ,-1.707938 
3.840000  ,17.063968 ,-9.993993 ,7.763611  ,0.000000  ,0.000000  ,0.012503  ,13.220000 ,-0.007640 ,-1.606426 
3.880000  ,17.120421 ,-10.300239,7.805466  ,0.000000  ,0.000000  ,-0.004565 ,13.340000 ,-0.011471 ,-1.540528 
3.920000  ,17.174614 ,-10.608439,7.839910  ,0.000000  ,0.000000  ,0.013285  ,13.460000 ,-0.006120 ,-1.516943 
3.960000  ,17.226511 ,-10.918302,7.868255  ,0.000000  ,0.000000  ,-0.011951 ,13.710000 ,0.001049  ,-1.527782 
4.000000  ,17.276044 ,-11.229596,7.891582  ,0.000000  ,0.000000  ,0.017073  ,13.830000 ,0.006971  ,-1.561482 
4.040000  ,17.323154 ,-11.542124,7.910778  ,0.000000  ,0.000000  ,0.001238  ,14.080000 ,0.007433  ,-1.593955 
4.080000  ,17.368663 ,-11.855594,7.926576  ,0.000000  ,0.000000  ,-0.010948 ,14.200000 ,0.000396  ,-1.272294 
4.120000  ,17.413260 ,-12.169775,7.939576  ,0.000000  ,0.000000  ,0.005806  ,14.440000 ,0.015237  ,-0.653631 
4.160000  ,17.457718 ,-12.484454,7.950275  ,0.000000  ,0.000000  ,-0.013767 ,14.570000 ,-0.004296 ,0.022065  
4.200000  ,17.502882 ,-12.799425,7.959079  ,0.000000  ,0.000000  ,0.009381  ,14.810000 ,0.001051  ,0.614656  
4.240000  ,17.549465 ,-13.114512,7.966324  ,0.000000  ,0.000000  ,-0.009366 ,14.930000 ,-0.002779 ,1.064569  
4.280000  ,17.597149 ,-13.429701,7.972287  ,0.000000  ,0.000000  ,-0.015095 ,15.060000 ,-0.006332 ,1.035776  
4.320000  ,17.646463 ,-13.744858,7.977194  ,0.000000  ,0.000000  ,-0.031699 ,15.300000 ,-0.005335 ,0.948950  
4.360000  ,17.696686 ,-14.060053,7.981232  ,0.000000  ,0.000000  ,0.011987  ,15.420000 ,-0.006990 ,0.662292  
4.400000  ,17.747150 ,-14.375358,7.984555  ,0.000000  ,0.000000  ,0.011548  ,15.540000 ,-0.001146 ,0.159417  
4.440000  ,17.797212 ,-14.690849,7.987290  ,0.000000  ,0.000000  ,0.007754  ,15.790000 ,0.018136  ,-0.390406 
4.480000  ,17.846175 ,-15.006613,7.989540  ,0.000000  ,0.000000  ,0.033492  ,15.910000 ,0.008106  ,-0.876561 
4.520000  ,17.893447 ,-15.322718,7.991392  ,0.000000  ,0.000000  ,-0.000802 ,16.160000 ,0.013495  ,-1.246952 
4.560000  ,17.939467 ,-15.639075,7.992916  ,0.000000  ,0.000000  ,0.005444  ,16.280000 ,0.019244  ,-1.146356 
4.600000  ,17.984663 ,-15.955607,7.994170  ,0.000000  ,0.000000  ,0.002795  ,16.520000 ,0.019490  ,-0.651000 
4.640000  ,18.029665 ,-16.272213,7.995203  ,0.000000  ,0.000000  ,-0.001916 ,16.650000 ,0.014113  ,-0.028659 
4.680000  ,18.075260 ,-16.588772,7.996052  ,0.000000  ,0.000000  ,-0.011235 ,16.890000 ,0.008831  ,0.554453  
4.720000  ,18.122185 ,-16.905167,7.996751  ,0.000000  ,0.000000  ,-0.001346 ,17.140000 ,0.015044  ,1.031903  
4.760000  ,18.171039 ,-17.221295,7.997326  ,0.000000  ,0.000000  ,-0.010372 ,17.260000 ,0.007432  ,1.390842  
4.800000  ,18.222273 ,-17.537068,7.997800  ,0.000000  ,0.000000  ,-0.010895 ,17.500000 ,0.017371  ,1.643710  
4.840000  ,18.276201 ,-17.852409,7.998189  ,0.000000  ,0.000000  ,-0.016433 ,17.630000 ,0.008288  ,1.812052  
4.880000  ,18.333028 ,-18.167255,7.998510  ,0.000000  ,0.000000  ,0.015192  ,17.870000 ,0.006046  ,1.918098  
4.920000  ,18.392883 ,-18.481551,7.998774  ,0.000000  ,0.000000  ,-0.003271 ,17.990000 ,-0.006610 ,1.980991  
4.960000  ,18.455839 ,-18.795250,7.998991  ,0.000000  ,0.000000  ,0.016129  ,18.240000 ,0.011614  ,2.015615  
5.000000  ,18.521905 ,-19.108317,7.999170  ,0.000000  ,0.000000  ,0.020067  ,18.480000 ,-0.010015 ,2.018744  
5.040000  ,18.590207 ,-19.420911,7.999317  ,0.000000  ,0.000000  ,-0.001602 ,18.600000 ,-0.011028 ,1.656462  
5.080000  ,18.660861 ,-19.732988,7.999438  ,0.000000  ,0.000000  ,0.011462  ,18.850000 ,0.003560  ,1.335473  
5.120000  ,18.732864 ,-20.044761,7.999537  ,0.000000  ,0.000000  ,0.004713  ,18.970000 ,0.011169  ,0.890877  
5.160000  ,18.805389 ,-20.356416,7.999619  ,0.000000  ,0.000000  ,-0.004070 ,19.220000 ,-0.014027 ,0.298599  
5.200000  ,18.878594 ,-20.667916,7.999687  ,0.000000  ,0.000000  ,-0.004293 ,19.340000 ,-0.013978 ,0.066513  
5.240000  ,18.952463 ,-20.979262,7.999742  ,0.000000  ,0.000000  ,-0.007285 ,19.460000 ,0.000453  ,0.218207  
5.280000  ,19.026292 ,-21.290619,7.999788  ,0.000000  ,0.000000  ,0.022451  ,19.710000 ,0.012321  ,0.179564  
5.320000  ,19.099763 ,-21.602063,7.999825  ,0.000000  ,0.000000  ,0.007212  ,19.950000 ,0.014950  ,-0.127671 
5.360000  ,19.173384 ,-21.913472,7.999856  ,0.000000  ,0.000000  ,0.000170  ,20.070000 ,0.016174  ,-0.170692 
5.400000  ,19.247402 ,-22.224789,7.999882  ,0.000000  ,0.000000  ,0.009442  ,20.320000 ,-0.000454 ,0.113523  
5.440000  ,19.322171 ,-22.535926,7.999903  ,0.000000  ,0.000000  ,-0.013255 ,20.440000 ,0.006695  ,0.527963  
5.480000  ,19.398182 ,-22.846764,7.999920  ,0.000000  ,0.000000  ,0.002516  ,20.690000 ,-0.009825 ,0.922585  
5.520000  ,19.475055 ,-23.157390,7.999934  ,0.000000  ,0.000000  ,0.011287  ,20.810000 ,0.000343  ,0.897492  
5.560000  ,19.553327 ,-23.467667,7.999946  ,0.000000  ,0.000000  ,0.012894  ,20.930000 ,-0.009911 ,0.838867  
5.600000  ,19.632351 ,-23.777754,7.999955  ,0.000000  ,0.000000  ,0.013156  ,21.180000 ,-0.004420 ,0.598150  
5.640000  ,19.712400 ,-24.087578,7.999963  ,0.000000  ,0.000000  ,0.015974  ,21.420000 ,-0.013483 ,0.490616  
5.680000  ,19.792743 ,-24.397326,7.999970  ,0.000000  ,0.000000  ,-0.011571 ,21.540000 ,-0.017086 ,0.267230  
5.720000  ,19.872811 ,-24.707147,7.999975  ,0.000000  ,0.000000  ,0.016419  ,21.660000 ,-0.029869 ,-0.148000 
5.760000  ,19.952085 ,-25.017170,7.999980  ,0.000000  ,0.000000  ,0.004966  ,21.910000 ,-0.021137 ,-0.614480 
5.800000  ,20.029989 ,-25.327542,7.999983  ,0.000000  ,0.000000  ,0.000718  ,22.150000 ,-0.002658 ,-1.032764 
5.840000  ,20.106001 ,-25.638382,7.999986  ,0.000000  ,0.000000  ,0.004016  ,22.280000 ,0.002439  ,-1.366694 
5.880000  ,20.179703 ,-25.949777,7.999989  ,0.000000  ,0.000000  ,-0.032252 ,22.520000 ,0.019936  ,-1.613238 
5.920000  ,20.250813 ,-26.261775,7.999991  ,0.000000  ,0.000000  ,0.003426  ,22.640000 ,0.025922  ,-1.770295 
5.960000  ,20.320027 ,-26.574199,7.999992  ,0.000000  ,0.000000  ,-0.011005 ,22.890000 ,0.055036  ,-1.499137 
6.000000  ,20.387983 ,-26.886900,7.999994  ,0.000000  ,0.000000  ,-0.021457 ,23.010000 ,0.077505  ,-0.876620 
6.040000  ,20.454820 ,-27.196662,7.810382  ,0.000000  ,0.000000  ,-0.007161 ,23.260000 ,0.114391  ,-0.172710 
6.080000  ,20.520736 ,-27.496200,7.484242  ,0.000000  ,0.000000  ,0.019797  ,23.380000 ,0.049622  ,0.935793  
6.120000  ,20.587671 ,-27.780176,7.103842  ,0.000000  ,0.000000  ,0.005149  ,23.620000 ,0.049622  ,3.361159  
6.160000  ,20.660446 ,-28.053528,7.143528  ,0.000000  ,0.000000  ,0.019280  ,23.750000 ,0.135278  ,6.161714  
6.200000  ,20.745422 ,-28.329595,7.295174  ,0.000000  ,0.000000  ,0.006774  ,23.990000 ,0.049622  ,6.768956  
6.240000  ,20.840123 ,-28.602306,7.043389  ,0.000000  ,0.000000  ,-0.000803 ,24.110000 ,0.049622  ,7.156539  
6.280000  ,20.944187 ,-28.862855,7.091295  ,0.000000  ,0.000000  ,0.014621  ,24.360000 ,0.163428  ,8.835128  
6.320000  ,21.064072 ,-29.123554,7.252189  ,0.000000  ,0.000000  ,-0.000912 ,24.480000 ,0.049622  ,8.230179  
6.360000  ,21.194857 ,-29.379060,7.002447  ,0.000000  ,0.000000  ,0.003967  ,24.600000 ,0.070271  ,7.831431  
6.400000  ,21.334161 ,-29.620799,7.055920  ,0.000000  ,0.000000  ,0.017561  ,24.720000 ,0.235460  ,9.208409  
6.440000  ,21.488410 ,-29.855492,6.922169  ,0.000000  ,0.000000  ,-0.004040 ,24.970000 ,0.249118  ,10.180987 
6.480000  ,21.649979 ,-30.073334,6.598392  ,0.000000  ,0.000000  ,-0.043746 ,25.090000 ,0.049622  ,13.104977 
6.520000  ,21.817602 ,-30.267129,6.217992  ,0.000000  ,0.000000  ,-0.003198 ,25.210000 ,0.163584  ,18.845947 
6.560000  ,22.002781 ,-30.433694,6.378131  ,0.000000  ,0.000000  ,-0.009860 ,25.340000 ,0.063020  ,22.306976 
6.600000  ,22.212458 ,-30.575965,6.169951  ,0.000000  ,0.000000  ,0.014696  ,25.460000 ,0.026955  ,20.953580 
6.640000  ,22.431642 ,-30.686300,6.213849  ,0.000000  ,0.000000  ,0.002685  ,25.580000 ,-0.044799 ,22.389125 
6.680000  ,22.671107 ,-30.769560,6.493007  ,0.000000  ,0.000000  ,-0.001012 ,25.700000 ,-0.039061 ,16.990571 
6.720000  ,22.928013 ,-30.835283,6.759833  ,0.000000  ,0.000000  ,-0.002153 ,25.830000 ,0.077424  ,9.453802  
6.760000  ,23.196743 ,-30.893267,6.979416  ,0.000000  ,0.000000  ,0.003878  ,26.070000 ,0.151831  ,3.334703  
6.800000  ,23.467631 ,-30.949462,6.754639  ,0.000000  ,0.000000  ,0.003855  ,26.190000 ,0.236712  ,-0.713988 
6.840000  ,23.725507 ,-31.003858,6.402040  ,0.000000  ,0.000000  ,0.007267  ,26.320000 ,0.327682  ,-3.039901 
6.880000  ,23.968930 ,-31.053695,6.021640  ,0.000000  ,0.000000  ,0.012261  ,26.560000 ,0.358429  ,-2.611655 
6.920000  ,24.198353 ,-31.095743,5.641240  ,0.000000  ,0.000000  ,0.007257  ,26.680000 ,0.340472  ,1.053150  
6.960000  ,24.414709 ,-31.122299,5.260840  ,0.000000  ,0.000000  ,-0.021759 ,26.810000 ,0.264624  ,8.405923  
7.000000  ,24.617355 ,-31.125018,4.880440  ,0.000000  ,0.000000  ,0.032753  ,26.930000 ,0.080119  ,18.699941 
7.040000  ,24.802523 ,-31.096747,4.500040  ,0.000000  ,0.000000  ,0.005417  ,27.050000 ,0.008325  ,29.739822 
7.080000  ,24.968909 ,-31.028111,4.661501  ,0.000000  ,0.000000  ,-0.017895 ,27.170000 ,-0.109376 ,30.800914 
7.120000  ,25.125837 ,-30.915379,5.024320  ,0.000000  ,0.000000  ,0.001179  ,27.170000 ,-0.125162 ,18.486572 
7.160000  ,25.277106 ,-30.777328,5.154844  ,0.000000  ,0.000000  ,-0.029737 ,27.290000 ,-0.105485 ,9.169284  
7.200000  ,25.422391 ,-30.632002,5.100160  ,0.000000  ,0.000000  ,0.026430  ,27.420000 ,-0.107251 ,4.092073  
7.240000  ,25.566244 ,-30.486889,5.139509  ,0.000000  ,0.000000  ,0.000422  ,27.540000 ,-0.049622 ,0.621845  
7.280000  ,25.714133 ,-30.342453,5.193420  ,0.000000  ,0.000000  ,0.012618  ,27.660000 ,-0.074519 ,1.877356  
7.320000  ,25.870445 ,-30.198638,5.490131  ,0.000000  ,0.000000  ,0.024340  ,27.780000 ,-0.080176 ,3.067521  
7.360000  ,26.040345 ,-30.051302,5.712996  ,0.000000  ,0.000000  ,-0.027369 ,27.910000 ,-0.049622 ,2.992533  
7.400000  ,26.218847 ,-29.904705,5.824746  ,0.000000  ,0.000000  ,-0.000351 ,28.030000 ,-0.049622 ,2.998419  
7.440000  ,26.406822 ,-29.758681,6.130386  ,0.000000  ,0.000000  ,0.032502  ,28.030000 ,-0.115822 ,2.900033  
7.480000  ,26.609060 ,-29.608279,6.461418  ,0.000000  ,0.000000  ,-0.005664 ,28.270000 ,-0.151896 ,2.257709  
7.520000  ,26.817651 ,-29.458606,6.249277  ,0.000000  ,0.000000  ,0.010515  ,28.400000 ,-0.169851 ,2.228311  
7.560000  ,27.018291 ,-29.322673,5.868877  ,0.000000  ,0.000000  ,0.004342  ,28.520000 ,-0.154880 ,4.374147  
7.600000  ,27.211891 ,-29.203922,5.488477  ,0.000000  ,0.000000  ,-0.025505 ,28.640000 ,-0.148788 ,8.587638  
7.640000  ,27.399921 ,-29.106303,5.108077  ,0.000000  ,0.000000  ,-0.002009 ,28.640000 ,-0.040871 ,14.265190 
7.680000  ,27.583901 ,-29.033846,4.821571  ,0.000000  ,0.000000  ,0.000126  ,28.760000 ,0.064795  ,19.606442 
7.720000  ,27.774202 ,-28.989038,5.065645  ,0.000000  ,0.000000  ,0.009195  ,28.890000 ,0.127060  ,-17.849882
7.760000  ,27.982586 ,-28.965355,5.410695  ,0.000000  ,0.000000  ,0.010322  ,29.010000 ,0.106146  ,-10.107677
7.800000  ,28.197460 ,-28.952951,5.252599  ,0.000000  ,0.000000  ,-0.003686 ,29.130000 ,0.076763  ,-5.047860 
7.840000  ,28.406134 ,-28.943598,5.237570  ,0.000000  ,0.000000  ,0.001076  ,29.250000 ,-0.036687 ,1.921350  
7.880000  ,28.618168 ,-28.932350,5.408709  ,0.000000  ,0.000000  ,0.039517  ,29.380000 ,-0.076604 ,0.725788  
7.920000  ,28.839907 ,-28.916276,5.742496  ,0.000000  ,0.000000  ,-0.018520 ,29.500000 ,-0.114237 ,2.105286  
7.960000  ,29.073276 ,-28.895711,5.918841  ,0.000000  ,0.000000  ,0.029867  ,29.620000 ,-0.147068 ,2.026967  
8.000000  ,29.305725 ,-28.875314,5.660008  ,0.000000  ,0.000000  ,0.011078  ,29.740000 ,-0.164450 ,0.826573  
8.040000  ,29.524610 ,-28.859230,5.299251  ,0.000000  ,0.000000  ,-0.013737 ,29.990000 ,-0.157069 ,1.506481  
8.080000  ,29.728795 ,-28.851123,4.918851  ,0.000000  ,0.000000  ,0.008099  ,30.110000 ,-0.113229 ,-5.128373 
8.120000  ,29.919492 ,-28.854899,4.662486  ,0.000000  ,0.000000  ,-0.009480 ,30.230000 ,-0.071311 ,-9.127169 
8.160000  ,30.105014 ,-28.874819,4.717373  ,0.000000  ,0.000000  ,-0.006963 ,30.350000 ,-0.049622 ,-10.198657
8.200000  ,30.295041 ,-28.911898,5.006350  ,0.000000  ,0.000000  ,0.006271  ,30.480000 ,-0.049622 ,-7.806454 
8.240000  ,30.495804 ,-28.963495,5.370783  ,0.000000  ,0.000000  ,0.019694  ,30.600000 ,-0.049622 ,-4.624677 
8.280000  ,30.709439 ,-29.025441,5.751183  ,0.000000  ,0.000000  ,0.007011  ,30.720000 ,-0.060758 ,-2.295568 
8.320000  ,30.936615 ,-29.095198,6.129848  ,0.000000  ,0.000000  ,-0.009652 ,30.840000 ,-0.082214 ,-1.047944 
8.360000  ,31.175261 ,-29.171048,6.356046  ,0.000000  ,0.000000  ,-0.025259 ,30.970000 ,-0.102026 ,-0.710299 
8.400000  ,31.416789 ,-29.250484,6.309937  ,0.000000  ,0.000000  ,-0.024900 ,31.090000 ,-0.128566 ,-1.118848 
8.440000  ,31.650500 ,-29.331800,6.005772  ,0.000000  ,0.000000  ,0.006077  ,31.210000 ,-0.107488 ,-2.600954 
8.480000  ,31.868252 ,-29.414838,5.637934  ,0.000000  ,0.000000  ,-0.004608 ,31.460000 ,-0.058710 ,-5.570073 
8.520000  ,32.070552 ,-29.504456,5.488683  ,0.000000  ,0.000000  ,0.010577  ,31.460000 ,-0.024480 ,-9.044595 
8.560000  ,32.267642 ,-29.608787,5.732188  ,0.000000  ,0.000000  ,-0.001344 ,31.700000 ,-0.011482 ,-9.179387 
8.600000  ,32.469390 ,-29.731707,6.094587  ,0.000000  ,0.000000  ,0.015389  ,31.700000 ,-0.015161 ,-6.202973 
8.640000  ,32.679065 ,-29.869192,6.431957  ,0.000000  ,0.000000  ,-0.016509 ,31.950000 ,-0.023274 ,-3.079947 
8.680000  ,32.896833 ,-30.016656,6.709593  ,0.000000  ,0.000000  ,-0.010975 ,32.070000 ,-0.032105 ,-1.041533 
8.720000  ,33.122086 ,-30.171060,6.938071  ,0.000000  ,0.000000  ,0.008776  ,32.190000 ,-0.038418 ,-0.129826 
8.760000  ,33.353860 ,-30.330639,7.126095  ,0.000000  ,0.000000  ,0.013639  ,32.440000 ,-0.036672 ,0.047170  
8.800000  ,33.590690 ,-30.494924,7.280828  ,0.000000  ,0.000000  ,0.025028  ,32.560000 ,-0.034147 ,-0.331368 
8.840000  ,33.830938 ,-30.664135,7.408164  ,0.000000  ,0.000000  ,0.040314  ,32.680000 ,-0.030277 ,-1.067024 
8.880000  ,34.073169 ,-30.838540,7.512954  ,0.000000  ,0.000000  ,0.007035  ,32.930000 ,-0.029169 ,-1.856036 
8.920000  ,34.316046 ,-31.018516,7.599189  ,0.000000  ,0.000000  ,0.008682  ,33.050000 ,-0.026784 ,-2.534900 
8.960000  ,34.558782 ,-31.203895,7.670157  ,0.000000  ,0.000000  ,-0.018850 ,33.170000 ,0.020190  ,-2.828979 
9.000000  ,34.800976 ,-31.394187,7.728558  ,0.000000  ,0.000000  ,0.009095  ,33.410000 ,0.019612  ,-2.696727 
9.040000  ,35.042334 ,-31.588937,7.776619  ,0.000000  ,0.000000  ,0.003234  ,33.660000 ,0.009855  ,-2.377199 
9.080000  ,35.283330 ,-31.786900,7.816171  ,0.000000  ,0.000000  ,0.015873  ,33.780000 ,-0.007553 ,-1.724154 
9.120000  ,35.524429 ,-31.986997,7.848720  ,0.000000  ,0.000000  ,-0.005361 ,33.900000 ,-0.021721 ,-0.869119 
9.160000  ,35.766115 ,-32.188241,7.875505  ,0.000000  ,0.000000  ,-0.012665 ,34.030000 ,-0.032742 ,-0.068976 
9.200000  ,36.008302 ,-32.390403,7.897548  ,0.000000  ,0.000000  ,0.030719  ,34.150000 ,-0.049622 ,0.218033  
9.240000  ,36.250892 ,-32.593332,7.915688  ,0.000000  ,0.000000  ,0.018459  ,34.390000 ,-0.078018 ,0.036884  
9.280000  ,36.493210 ,-32.797610,7.930616  ,0.000000  ,0.000000  ,-0.024095 ,34.520000 ,-0.104068 ,-0.615800 
9.320000  ,36.730808 ,-33.001456,7.648615  ,0.000000  ,0.000000  ,0.022142  ,34.760000 ,-0.122786 ,-1.919965 
9.360000  ,36.953637 ,-33.199819,7.268215  ,0.000000  ,0.000000  ,-0.017909 ,34.880000 ,-0.072235 ,-4.701472 
9.400000  ,37.158686 ,-33.395008,6.887815  ,0.000000  ,0.000000  ,-0.002052 ,35.130000 ,-0.064401 ,-9.233481 
9.440000  ,37.344024 ,-33.592526,6.715268  ,0.000000  ,0.000000  ,-0.003373 ,35.250000 ,-0.071041 ,-14.216634
9.480000  ,37.511718 ,-33.802369,6.742343  ,0.000000  ,0.000000  ,0.013570  ,35.370000 ,-0.033892 ,-15.723761
9.520000  ,37.661678 ,-34.026323,6.721640  ,0.000000  ,0.000000  ,-0.007001 ,35.500000 ,-0.017981 ,-14.650877
9.560000  ,37.790990 ,-34.256792,6.429034  ,0.000000  ,0.000000  ,-0.009337 ,35.620000 ,-0.104887 ,-14.972657
9.600000  ,37.896272 ,-34.482974,6.048634  ,0.000000  ,0.000000  ,0.013871  ,35.860000 ,-0.191982 ,-18.516838
9.640000  ,37.975961 ,-34.704039,5.738390  ,0.000000  ,0.000000  ,-0.014562 ,35.990000 ,-0.263182 ,-22.432163
9.680000  ,38.026320 ,-34.921754,5.406752  ,0.000000  ,0.000000  ,0.038115  ,36.110000 ,-0.377141 ,-25.131079
9.720000  ,38.041036 ,-35.129620,5.026352  ,0.000000  ,0.000000  ,0.008157  ,36.230000 ,-0.097978 ,-30.773087
9.760000  ,38.014867 ,-35.320824,4.645952  ,0.000000  ,0.000000  ,-0.003729 ,36.470000 ,-0.188362 ,-38.585268
9.800000  ,37.938973 ,-35.488403,4.705273  ,0.000000  ,0.000000  ,0.005893  ,36.600000 ,-0.047847 ,-39.033793
9.840000  ,37.815632 ,-35.626376,4.470750  ,0.000000  ,0.000000  ,-0.000455 ,36.960000 ,-0.039149 ,-32.561106
9.880000  ,37.665852 ,-35.726296,4.682373  ,0.000000  ,0.000000  ,0.018986  ,36.960000 ,0.020032  ,-27.260835
9.920000  ,37.486243 ,-35.801630,5.062773  ,0.000000  ,0.000000  ,0.014817  ,37.090000 ,0.007900  ,-14.498337
9.960000  ,37.286390 ,-35.866438,5.443173  ,0.000000  ,0.000000  ,-0.000007 ,37.330000 ,-0.003706 ,-5.684969 
10.000000 ,37.070267 ,-35.930206,5.823573  ,0.000000  ,0.000000  ,0.005782  ,37.450000 ,-0.013641 ,-1.062156 
10.040000 ,36.839582 ,-35.998262,6.198172  ,0.000000  ,0.000000  ,-0.006867 ,37.580000 ,-0.028504 ,0.810382  
10.080000 ,36.595832 ,-36.071453,6.517202  ,0.000000  ,0.000000  ,0.022525  ,37.700000 ,-0.021701 ,1.060878  
10.120000 ,36.341247 ,-36.148882,6.779745  ,0.000000  ,0.000000  ,-0.017350 ,37.820000 ,-0.031663 ,0.607507  
10.160000 ,36.077596 ,-36.229298,6.995802  ,0.000000  ,0.000000  ,-0.000543 ,37.940000 ,-0.005074 ,0.043022  
10.200000 ,35.806279 ,-36.311499,7.173604  ,0.000000  ,0.000000  ,0.001253  ,38.190000 ,0.004145  ,-0.398712 
10.240000 ,35.528460 ,-36.394526,7.319925  ,0.000000  ,0.000000  ,0.018745  ,38.310000 ,-0.004190 ,-0.688523 
10.280000 ,35.245137 ,-36.477696,7.440338  ,0.000000  ,0.000000  ,0.007988  ,38.560000 ,0.042124  ,-0.855628 
10.320000 ,34.957376 ,-36.561285,7.539431  ,0.000000  ,0.000000  ,-0.010550 ,38.680000 ,0.049622  ,-0.667163 
10.360000 ,34.665847 ,-36.644808,7.620979  ,0.000000  ,0.000000  ,0.003473  ,38.920000 ,0.064738  ,-0.513888 
10.400000 ,34.371538 ,-36.729388,7.688088  ,0.000000  ,0.000000  ,0.008584  ,39.050000 ,0.087068  ,-0.002645 
10.440000 ,34.080122 ,-36.815108,7.417619  ,0.000000  ,0.000000  ,-0.010556 ,39.290000 ,0.235048  ,1.181536  
10.480000 ,33.803564 ,-36.901219,7.053274  ,0.000000  ,0.000000  ,0.020379  ,39.410000 ,0.280598  ,3.672051  
10.520000 ,33.543768 ,-36.989883,6.672874  ,0.000000  ,0.000000  ,-0.007700 ,39.660000 ,0.400000  ,7.423240  
10.560000 ,33.302835 ,-37.085613,6.292474  ,0.000000  ,0.000000  ,-0.007132 ,39.780000 ,0.236288  ,12.796488 
10.600000 ,33.085737 ,-37.196858,5.912074  ,0.000000  ,0.000000  ,0.001558  ,39.900000 ,0.400000  ,21.448606 
10.640000 ,32.900524 ,-37.330728,5.531674  ,0.000000  ,0.000000  ,-0.000064 ,40.020000 ,0.274521  ,33.762861 
10.680000 ,32.759607 ,-37.490577,5.151274  ,0.000000  ,0.000000  ,0.008942  ,40.150000 ,0.056731  ,48.278680 
10.720000 ,32.678897 ,-37.670697,4.770874  ,0.000000  ,0.000000  ,0.006502  ,40.270000 ,-0.391228 ,62.756649 
10.760000 ,32.681162 ,-37.860476,4.961074  ,0.000000  ,0.000000  ,0.024708  ,40.390000 ,-0.400000 ,59.836680 
10.800000 ,32.759359 ,-38.040994,4.770874  ,0.000000  ,0.000000  ,-0.033239 ,40.510000 ,-0.400000 ,41.450869 
10.840000 ,32.872540 ,-38.184583,4.390474  ,0.000000  ,0.000000  ,-0.018971 ,40.510000 ,-0.400000 ,38.998492 
10.880000 ,33.002108 ,-38.291076,4.010074  ,0.000000  ,0.000000  ,0.019786  ,40.760000 ,-0.400000 ,38.534024 
10.920000 ,33.136457 ,-38.363422,3.629674  ,0.000000  ,0.000000  ,0.004467  ,40.880000 ,-0.400000 ,35.113647 
10.960000 ,33.266163 ,-38.409012,3.249274  ,0.000000  ,0.000000  ,-0.016199 ,41.370000 ,-0.400000 ,28.216705 
11.000000 ,33.386205 ,-38.437756,2.960812  ,0.000000  ,0.000000  ,0.006187  ,41.370000 ,-0.400000 ,18.976642 
11.040000 ,33.444469 ,-38.448651,0.121175  ,0.000000  ,0.000000  ,0.031217  ,41.490000 ,-0.320165 ,10.528193 
11.080000 ,33.456923 ,-38.448764,0.000000  ,0.000000  ,0.000000  ,0.020218  ,41.490000 ,-0.324213 ,0.520091  
11.120000 ,33.459625 ,-38.448769,0.029444  ,0.000000  ,0.000000  ,-0.012811 ,41.490000 ,-0.324657 ,0.079726  
